[
  {
    "id": "a9c87865-e873-4dc2-9655-3e12043c088a",
    "title": "Performance Test Card 0",
    "category_ids": [
      "112a2f44-bea1-46d3-9b04-2ba0e0954a6e"
    ],
    "status": "error"
  },
  {
    "id": "82433528-67bb-4a2a-960a-1c6b97983207",
    "title": "Performance Test Card 1",
    "category_ids": [
      "65bf7558-a837-40d8-a39a-e1b32c82e743"
    ],
    "status": "published"
  },
  {
    "id": "98709847-e065-47d9-bc12-c70861829dff",
    "title": "Performance Test Card 2",
    "category_ids": [
      "eaa567f0-b407-41ae-a55c-ace5e79aa1f8"
    ],
    "status": "draft"
  },
  {
    "id": "e03e58ed-020e-47f9-81bd-881123b02b50",
    "title": "Performance Test Card 3",
    "category_ids": [
      "fc25ee8b-3086-4d4d-a0fb-144696f709d8"
    ],
    "status": "error"
  },
  {
    "id": "f178591f-e75e-4414-a4bf-7da0ee6e2347",
    "title": "Performance Test Card 4",
    "category_ids": [
      "112a2f44-bea1-46d3-9b04-2ba0e0954a6e"
    ],
    "status": "archived"
  },
  {
    "id": "5fbf34a5-e87b-447b-9d6a-1efad1314241",
    "title": "Performance Test Card 5",
    "category_ids": [
      "3b78635f-55d4-49eb-8cbb-d3e99fc012ae"
    ],
    "status": "archived"
  },
  {
    "id": "64eda320-5e09-4cbd-b5e5-76c588310de4",
    "title": "Performance Test Card 6",
    "category_ids": [
      "bd6fb8ef-1016-4d30-ab13-c272987cc8d0"
    ],
    "status": "published"
  },
  {
    "id": "dfc79482-2fcb-4003-be12-966f2f092869",
    "title": "Performance Test Card 7",
    "category_ids": [
      "65bf7558-a837-40d8-a39a-e1b32c82e743"
    ],
    "status": "archived"
  },
  {
    "id": "7a166c1f-2777-46a5-84e1-3c967f1ccca7",
    "title": "Performance Test Card 8",
    "category_ids": [
      "65bf7558-a837-40d8-a39a-e1b32c82e743"
    ],
    "status": "draft"
  },
  {
    "id": "60535c85-c3ae-4306-9ee3-ed088c47243a",
    "title": "Performance Test Card 9",
    "category_ids": [
      "65bf7558-a837-40d8-a39a-e1b32c82e743"
    ],
    "status": "error"
  },
  {
    "id": "1a02af72-ab47-4a45-a552-95433001be8d",
    "title": "Performance Test Card 10",
    "category_ids": [
      "80fb9203-a6b9-4056-93f9-55245d7183f8"
    ],
    "status": "archived"
  },
  {
    "id": "c4e66a77-7422-41c3-86c4-479ca27795f9",
    "title": "Performance Test Card 11",
    "category_ids": [
      "956531ad-765e-489f-b96d-ea0f55a86ab3"
    ],
    "status": "error"
  },
  {
    "id": "1f3fb1ad-3b3e-4f09-acaa-f72645181be0",
    "title": "Performance Test Card 12",
    "category_ids": [
      "65bf7558-a837-40d8-a39a-e1b32c82e743"
    ],
    "status": "published"
  },
  {
    "id": "0a9f838d-dbd5-426a-9ce6-2014197db77a",
    "title": "Performance Test Card 13",
    "category_ids": [
      "80fb9203-a6b9-4056-93f9-55245d7183f8"
    ],
    "status": "archived"
  },
  {
    "id": "d37fd79e-b62b-4269-84e9-09e5d32db0a6",
    "title": "Performance Test Card 14",
    "category_ids": [
      "3b78635f-55d4-49eb-8cbb-d3e99fc012ae"
    ],
    "status": "archived"
  },
  {
    "id": "ba714063-79a3-49a8-92c1-e6d4a8139b72",
    "title": "Performance Test Card 15",
    "category_ids": [
      "112a2f44-bea1-46d3-9b04-2ba0e0954a6e"
    ],
    "status": "archived"
  },
  {
    "id": "6f616c64-2ee9-4ab1-86da-e93a5dc23422",
    "title": "Performance Test Card 16",
    "category_ids": [
      "65bf7558-a837-40d8-a39a-e1b32c82e743"
    ],
    "status": "archived"
  },
  {
    "id": "7361fca5-6d0c-4742-85f1-cc7a6dc78409",
    "title": "Performance Test Card 17",
    "category_ids": [
      "80fb9203-a6b9-4056-93f9-55245d7183f8"
    ],
    "status": "published"
  },
  {
    "id": "a95dfb78-9adc-4dc4-b0c2-a210968ad93c",
    "title": "Performance Test Card 18",
    "category_ids": [
      "112a2f44-bea1-46d3-9b04-2ba0e0954a6e"
    ],
    "status": "error"
  },
  {
    "id": "82839084-61ff-48d4-8816-3e2ea1355aa8",
    "title": "Performance Test Card 19",
    "category_ids": [
      "80fb9203-a6b9-4056-93f9-55245d7183f8"
    ],
    "status": "error"
  },
  {
    "id": "7dfd4ecc-9d87-4dd4-adf0-99cf1b8d9cfa",
    "title": "Performance Test Card 20",
    "category_ids": [
      "d6f54a1b-f113-4af3-adc8-7646bb464324"
    ],
    "status": "error"
  },
  {
    "id": "eb8b0130-c9cc-4db8-9485-af0971a3f318",
    "title": "Performance Test Card 21",
    "category_ids": [
      "956531ad-765e-489f-b96d-ea0f55a86ab3"
    ],
    "status": "archived"
  },
  {
    "id": "ee38c39a-d544-42fc-8952-c4e1d0397e98",
    "title": "Performance Test Card 22",
    "category_ids": [
      "bd6fb8ef-1016-4d30-ab13-c272987cc8d0"
    ],
    "status": "draft"
  },
  {
    "id": "0b204fd7-923e-4c2d-a07a-72db435fd0e9",
    "title": "Performance Test Card 23",
    "category_ids": [
      "1ec1f5ae-f36f-497d-ad95-d837347f6eb6"
    ],
    "status": "error"
  },
  {
    "id": "1cbbdd40-3e07-4f4d-9801-503ad3d2bb24",
    "title": "Performance Test Card 24",
    "category_ids": [
      "fc25ee8b-3086-4d4d-a0fb-144696f709d8"
    ],
    "status": "published"
  },
  {
    "id": "8274c58f-b943-48c6-8d6c-81eac30cd49c",
    "title": "Performance Test Card 25",
    "category_ids": [
      "3b78635f-55d4-49eb-8cbb-d3e99fc012ae"
    ],
    "status": "archived"
  },
  {
    "id": "22fe8d83-d541-4922-98da-c3dd4da90292",
    "title": "Performance Test Card 26",
    "category_ids": [
      "fc25ee8b-3086-4d4d-a0fb-144696f709d8"
    ],
    "status": "published"
  },
  {
    "id": "95322715-b5c2-469a-954a-9c50906fb123",
    "title": "Performance Test Card 27",
    "category_ids": [
      "3b78635f-55d4-49eb-8cbb-d3e99fc012ae"
    ],
    "status": "draft"
  },
  {
    "id": "623f33bc-ca66-41fd-97e6-440ee270c48b",
    "title": "Performance Test Card 28",
    "category_ids": [
      "eaa567f0-b407-41ae-a55c-ace5e79aa1f8"
    ],
    "status": "draft"
  },
  {
    "id": "490936a6-7178-49c7-b760-90e871b99c79",
    "title": "Performance Test Card 29",
    "category_ids": [
      "1ec1f5ae-f36f-497d-ad95-d837347f6eb6"
    ],
    "status": "published"
  },
  {
    "id": "f0b3183d-6d6e-488a-911c-7421c56ab846",
    "title": "Performance Test Card 30",
    "category_ids": [
      "1ec1f5ae-f36f-497d-ad95-d837347f6eb6"
    ],
    "status": "draft"
  },
  {
    "id": "2ae9bbde-15ce-42a2-9776-8b5c54232e38",
    "title": "Performance Test Card 31",
    "category_ids": [
      "3b78635f-55d4-49eb-8cbb-d3e99fc012ae"
    ],
    "status": "archived"
  },
  {
    "id": "a827fcfd-7184-4633-9acf-eeb808a70f2c",
    "title": "Performance Test Card 32",
    "category_ids": [
      "112a2f44-bea1-46d3-9b04-2ba0e0954a6e"
    ],
    "status": "draft"
  },
  {
    "id": "92c0fae7-e70d-4ed7-acd4-a6dfa0d5fc98",
    "title": "Performance Test Card 33",
    "category_ids": [
      "bd6fb8ef-1016-4d30-ab13-c272987cc8d0"
    ],
    "status": "published"
  },
  {
    "id": "4f0a51f4-3109-4e93-b2c5-59e44d97f977",
    "title": "Performance Test Card 34",
    "category_ids": [
      "d6f54a1b-f113-4af3-adc8-7646bb464324"
    ],
    "status": "error"
  },
  {
    "id": "770ea932-263e-4487-97f2-64d4a39d3354",
    "title": "Performance Test Card 35",
    "category_ids": [
      "bd6fb8ef-1016-4d30-ab13-c272987cc8d0"
    ],
    "status": "draft"
  },
  {
    "id": "ff86c001-3ab8-44a5-b96d-3a01768281f3",
    "title": "Performance Test Card 36",
    "category_ids": [
      "112a2f44-bea1-46d3-9b04-2ba0e0954a6e"
    ],
    "status": "archived"
  },
  {
    "id": "df15c9f9-3453-4318-9ae4-54ea4e521c93",
    "title": "Performance Test Card 37",
    "category_ids": [
      "fc25ee8b-3086-4d4d-a0fb-144696f709d8"
    ],
    "status": "error"
  },
  {
    "id": "1dca5362-4d53-4437-bfa1-6c4278d69299",
    "title": "Performance Test Card 38",
    "category_ids": [
      "d6f54a1b-f113-4af3-adc8-7646bb464324"
    ],
    "status": "error"
  },
  {
    "id": "f2f7a470-7576-48bf-8e73-1db1352ee5bb",
    "title": "Performance Test Card 39",
    "category_ids": [
      "956531ad-765e-489f-b96d-ea0f55a86ab3"
    ],
    "status": "draft"
  },
  {
    "id": "46774d85-9adf-40a3-a09a-5c3f5e0d8c64",
    "title": "Performance Test Card 40",
    "category_ids": [
      "112a2f44-bea1-46d3-9b04-2ba0e0954a6e"
    ],
    "status": "archived"
  },
  {
    "id": "dcdbf920-fd97-4c16-bcd4-0665f629254b",
    "title": "Performance Test Card 41",
    "category_ids": [
      "112a2f44-bea1-46d3-9b04-2ba0e0954a6e"
    ],
    "status": "published"
  },
  {
    "id": "937d6cf1-e37e-4e76-89b8-f1dec32e1f59",
    "title": "Performance Test Card 42",
    "category_ids": [
      "1ec1f5ae-f36f-497d-ad95-d837347f6eb6"
    ],
    "status": "error"
  },
  {
    "id": "609f5d92-2e27-401b-9c1c-98b3f524cd1c",
    "title": "Performance Test Card 43",
    "category_ids": [
      "eaa567f0-b407-41ae-a55c-ace5e79aa1f8"
    ],
    "status": "error"
  },
  {
    "id": "2a8be0c1-b963-4e17-807c-23be48f46e46",
    "title": "Performance Test Card 44",
    "category_ids": [
      "65bf7558-a837-40d8-a39a-e1b32c82e743"
    ],
    "status": "archived"
  },
  {
    "id": "a2bdafcf-3ff7-4386-9bfc-d29649b0b2f3",
    "title": "Performance Test Card 45",
    "category_ids": [
      "1ec1f5ae-f36f-497d-ad95-d837347f6eb6"
    ],
    "status": "archived"
  },
  {
    "id": "9aae425a-a8f6-430a-b74d-805db88188d7",
    "title": "Performance Test Card 46",
    "category_ids": [
      "bd6fb8ef-1016-4d30-ab13-c272987cc8d0"
    ],
    "status": "published"
  },
  {
    "id": "9eaab132-0da5-44d1-b6cb-3e0e90a5bd12",
    "title": "Performance Test Card 47",
    "category_ids": [
      "3b78635f-55d4-49eb-8cbb-d3e99fc012ae"
    ],
    "status": "archived"
  },
  {
    "id": "6aa4bf0c-e3a7-4153-8d83-6396deb55736",
    "title": "Performance Test Card 48",
    "category_ids": [
      "956531ad-765e-489f-b96d-ea0f55a86ab3"
    ],
    "status": "draft"
  },
  {
    "id": "ea9cd6d4-ea08-4c1b-92b8-4bee296f5c87",
    "title": "Performance Test Card 49",
    "category_ids": [
      "1ec1f5ae-f36f-497d-ad95-d837347f6eb6"
    ],
    "status": "published"
  },
  {
    "id": "f0445c19-3105-4b35-aa18-8c252d849ab6",
    "title": "Performance Test Card 50",
    "category_ids": [
      "956531ad-765e-489f-b96d-ea0f55a86ab3"
    ],
    "status": "archived"
  },
  {
    "id": "f5e90d5e-8483-44e5-bb47-46779bf29826",
    "title": "Performance Test Card 51",
    "category_ids": [
      "d6f54a1b-f113-4af3-adc8-7646bb464324"
    ],
    "status": "draft"
  },
  {
    "id": "bd8ca889-5e4e-4f0b-aa25-d0ea9f2153a5",
    "title": "Performance Test Card 52",
    "category_ids": [
      "bd6fb8ef-1016-4d30-ab13-c272987cc8d0"
    ],
    "status": "archived"
  },
  {
    "id": "a9b9eb75-78de-4858-9474-4e1f428ff7c2",
    "title": "Performance Test Card 53",
    "category_ids": [
      "65bf7558-a837-40d8-a39a-e1b32c82e743"
    ],
    "status": "draft"
  },
  {
    "id": "8edb674c-137c-4b9d-9adf-e1c6cc0a8389",
    "title": "Performance Test Card 54",
    "category_ids": [
      "bd6fb8ef-1016-4d30-ab13-c272987cc8d0"
    ],
    "status": "draft"
  },
  {
    "id": "9bbe739f-d32e-434c-bcaf-cced2525bd45",
    "title": "Performance Test Card 55",
    "category_ids": [
      "eaa567f0-b407-41ae-a55c-ace5e79aa1f8"
    ],
    "status": "published"
  },
  {
    "id": "d165d91f-20a4-41c2-90e9-7981c2c03258",
    "title": "Performance Test Card 56",
    "category_ids": [
      "3b78635f-55d4-49eb-8cbb-d3e99fc012ae"
    ],
    "status": "archived"
  },
  {
    "id": "7fc5f1d7-cce6-47eb-87e0-451854a43a9f",
    "title": "Performance Test Card 57",
    "category_ids": [
      "eaa567f0-b407-41ae-a55c-ace5e79aa1f8"
    ],
    "status": "archived"
  },
  {
    "id": "4dc49429-aade-4e19-b6fd-bb694fb27de6",
    "title": "Performance Test Card 58",
    "category_ids": [
      "112a2f44-bea1-46d3-9b04-2ba0e0954a6e"
    ],
    "status": "archived"
  },
  {
    "id": "31c4ff54-d88f-4328-b569-f6e5105f0428",
    "title": "Performance Test Card 59",
    "category_ids": [
      "1ec1f5ae-f36f-497d-ad95-d837347f6eb6"
    ],
    "status": "archived"
  },
  {
    "id": "bd353b7f-4f9e-454d-95ed-d3c4a9c27729",
    "title": "Performance Test Card 60",
    "category_ids": [
      "80fb9203-a6b9-4056-93f9-55245d7183f8"
    ],
    "status": "draft"
  },
  {
    "id": "1e712f8f-34f1-49b1-8103-cf20105277be",
    "title": "Performance Test Card 61",
    "category_ids": [
      "956531ad-765e-489f-b96d-ea0f55a86ab3"
    ],
    "status": "published"
  },
  {
    "id": "e5cd66b5-da4b-4160-a1e6-9bf2c19b697b",
    "title": "Performance Test Card 62",
    "category_ids": [
      "3b78635f-55d4-49eb-8cbb-d3e99fc012ae"
    ],
    "status": "archived"
  },
  {
    "id": "7effe3d0-afa3-4b31-8e97-61e17de42973",
    "title": "Performance Test Card 63",
    "category_ids": [
      "80fb9203-a6b9-4056-93f9-55245d7183f8"
    ],
    "status": "archived"
  },
  {
    "id": "67af2325-4c7d-42d6-9d17-64026fb8b828",
    "title": "Performance Test Card 64",
    "category_ids": [
      "80fb9203-a6b9-4056-93f9-55245d7183f8"
    ],
    "status": "draft"
  },
  {
    "id": "b9af393c-5c66-49e5-847a-09c5e53dcbfa",
    "title": "Performance Test Card 65",
    "category_ids": [
      "80fb9203-a6b9-4056-93f9-55245d7183f8"
    ],
    "status": "draft"
  },
  {
    "id": "2a3deb31-c721-4e04-bb15-da5eba495b1c",
    "title": "Performance Test Card 66",
    "category_ids": [
      "65bf7558-a837-40d8-a39a-e1b32c82e743"
    ],
    "status": "error"
  },
  {
    "id": "cee848b2-a302-451a-9784-0ec4cd506ea4",
    "title": "Performance Test Card 67",
    "category_ids": [
      "eaa567f0-b407-41ae-a55c-ace5e79aa1f8"
    ],
    "status": "error"
  },
  {
    "id": "12dc3afa-b81a-471a-8bcf-82aea4968e0c",
    "title": "Performance Test Card 68",
    "category_ids": [
      "eaa567f0-b407-41ae-a55c-ace5e79aa1f8"
    ],
    "status": "published"
  },
  {
    "id": "38b9a3e7-453b-4f63-a34d-b51c56af40f5",
    "title": "Performance Test Card 69",
    "category_ids": [
      "956531ad-765e-489f-b96d-ea0f55a86ab3"
    ],
    "status": "error"
  },
  {
    "id": "b04d900c-1fd0-4bce-a55c-dbc9968c3fb1",
    "title": "Performance Test Card 70",
    "category_ids": [
      "d6f54a1b-f113-4af3-adc8-7646bb464324"
    ],
    "status": "error"
  },
  {
    "id": "98de7073-cd2e-45c4-9663-f84c0b50dcc2",
    "title": "Performance Test Card 71",
    "category_ids": [
      "1ec1f5ae-f36f-497d-ad95-d837347f6eb6"
    ],
    "status": "archived"
  },
  {
    "id": "d104195a-a96c-4044-92f5-e53c3025deda",
    "title": "Performance Test Card 72",
    "category_ids": [
      "bd6fb8ef-1016-4d30-ab13-c272987cc8d0"
    ],
    "status": "draft"
  },
  {
    "id": "3cae66ab-a7e2-4773-9d21-57c626f18ce2",
    "title": "Performance Test Card 73",
    "category_ids": [
      "80fb9203-a6b9-4056-93f9-55245d7183f8"
    ],
    "status": "error"
  },
  {
    "id": "1926a840-dec4-48ac-a998-44dfc26442f3",
    "title": "Performance Test Card 74",
    "category_ids": [
      "1ec1f5ae-f36f-497d-ad95-d837347f6eb6"
    ],
    "status": "error"
  },
  {
    "id": "eb075fc5-a454-4d07-a3ad-ee314de82dec",
    "title": "Performance Test Card 75",
    "category_ids": [
      "eaa567f0-b407-41ae-a55c-ace5e79aa1f8"
    ],
    "status": "published"
  },
  {
    "id": "1a48e2c6-a28d-4a5c-a6f6-8f00fe142b3d",
    "title": "Performance Test Card 76",
    "category_ids": [
      "80fb9203-a6b9-4056-93f9-55245d7183f8"
    ],
    "status": "draft"
  },
  {
    "id": "71cb093a-eb2b-4857-8865-b8017426b29f",
    "title": "Performance Test Card 77",
    "category_ids": [
      "bd6fb8ef-1016-4d30-ab13-c272987cc8d0"
    ],
    "status": "error"
  },
  {
    "id": "aaa120f1-6196-49f5-9667-9b7d21fb00f4",
    "title": "Performance Test Card 78",
    "category_ids": [
      "956531ad-765e-489f-b96d-ea0f55a86ab3"
    ],
    "status": "published"
  },
  {
    "id": "7fa335ca-659f-4920-b10e-8dcc5cf1fbe3",
    "title": "Performance Test Card 79",
    "category_ids": [
      "fc25ee8b-3086-4d4d-a0fb-144696f709d8"
    ],
    "status": "error"
  },
  {
    "id": "905a0300-f8f3-4c05-b6ed-6ecec7994a61",
    "title": "Performance Test Card 80",
    "category_ids": [
      "eaa567f0-b407-41ae-a55c-ace5e79aa1f8"
    ],
    "status": "error"
  },
  {
    "id": "733b8ccd-22ef-4444-91cb-c1554608205f",
    "title": "Performance Test Card 81",
    "category_ids": [
      "80fb9203-a6b9-4056-93f9-55245d7183f8"
    ],
    "status": "published"
  },
  {
    "id": "322afe17-9b4b-4f48-9aba-e9369603370f",
    "title": "Performance Test Card 82",
    "category_ids": [
      "1ec1f5ae-f36f-497d-ad95-d837347f6eb6"
    ],
    "status": "published"
  },
  {
    "id": "3c511778-d741-494a-88cc-ebd089628410",
    "title": "Performance Test Card 83",
    "category_ids": [
      "1ec1f5ae-f36f-497d-ad95-d837347f6eb6"
    ],
    "status": "draft"
  },
  {
    "id": "8a188afc-66cf-4941-b981-b4fd7e66851f",
    "title": "Performance Test Card 84",
    "category_ids": [
      "fc25ee8b-3086-4d4d-a0fb-144696f709d8"
    ],
    "status": "archived"
  },
  {
    "id": "c514ea2a-4eb9-4175-93db-d025ccc8a39d",
    "title": "Performance Test Card 85",
    "category_ids": [
      "eaa567f0-b407-41ae-a55c-ace5e79aa1f8"
    ],
    "status": "draft"
  },
  {
    "id": "7f2f1304-80e0-435a-918f-93b10582d11f",
    "title": "Performance Test Card 86",
    "category_ids": [
      "956531ad-765e-489f-b96d-ea0f55a86ab3"
    ],
    "status": "published"
  },
  {
    "id": "7d7c1d71-231e-4fe8-a718-47b903c279a6",
    "title": "Performance Test Card 87",
    "category_ids": [
      "3b78635f-55d4-49eb-8cbb-d3e99fc012ae"
    ],
    "status": "published"
  },
  {
    "id": "c2cb9d73-9517-423d-9c4b-f9024ae4f90c",
    "title": "Performance Test Card 88",
    "category_ids": [
      "eaa567f0-b407-41ae-a55c-ace5e79aa1f8"
    ],
    "status": "archived"
  },
  {
    "id": "baaabe19-e0da-4667-bc88-cae9967aa65a",
    "title": "Performance Test Card 89",
    "category_ids": [
      "1ec1f5ae-f36f-497d-ad95-d837347f6eb6"
    ],
    "status": "error"
  },
  {
    "id": "301115ef-b2a9-4087-89f1-301af4f735f3",
    "title": "Performance Test Card 90",
    "category_ids": [
      "112a2f44-bea1-46d3-9b04-2ba0e0954a6e"
    ],
    "status": "error"
  },
  {
    "id": "036f5b31-24ed-47ba-980c-1cb8ae141590",
    "title": "Performance Test Card 91",
    "category_ids": [
      "956531ad-765e-489f-b96d-ea0f55a86ab3"
    ],
    "status": "published"
  },
  {
    "id": "7444b8c6-0a7d-4178-ab42-c7ed9b04acef",
    "title": "Performance Test Card 92",
    "category_ids": [
      "112a2f44-bea1-46d3-9b04-2ba0e0954a6e"
    ],
    "status": "archived"
  },
  {
    "id": "05f31ee3-7ea6-49bd-958e-6cff45f9a069",
    "title": "Performance Test Card 93",
    "category_ids": [
      "80fb9203-a6b9-4056-93f9-55245d7183f8"
    ],
    "status": "archived"
  },
  {
    "id": "c435558c-a06b-49f4-a84c-7bcdb19e7dc5",
    "title": "Performance Test Card 94",
    "category_ids": [
      "bd6fb8ef-1016-4d30-ab13-c272987cc8d0"
    ],
    "status": "error"
  },
  {
    "id": "b1bab4cc-759c-40d3-9b4b-23bf1aa4820b",
    "title": "Performance Test Card 95",
    "category_ids": [
      "eaa567f0-b407-41ae-a55c-ace5e79aa1f8"
    ],
    "status": "published"
  },
  {
    "id": "fb03d91c-a982-4d76-894d-35d19e7a2b68",
    "title": "Performance Test Card 96",
    "category_ids": [
      "d6f54a1b-f113-4af3-adc8-7646bb464324"
    ],
    "status": "published"
  },
  {
    "id": "024ef49c-f925-4d16-93bf-c3b68e2932e1",
    "title": "Performance Test Card 97",
    "category_ids": [
      "65bf7558-a837-40d8-a39a-e1b32c82e743"
    ],
    "status": "draft"
  },
  {
    "id": "7a1e230c-d030-4ca3-b1a3-7a65b48907ab",
    "title": "Performance Test Card 98",
    "category_ids": [
      "956531ad-765e-489f-b96d-ea0f55a86ab3"
    ],
    "status": "error"
  },
  {
    "id": "b0af118c-146c-42c9-89ff-35decb218c3c",
    "title": "Performance Test Card 99",
    "category_ids": [
      "956531ad-765e-489f-b96d-ea0f55a86ab3"
    ],
    "status": "error"
  },
  {
    "id": "1f09f27b-c06c-437d-a4e8-ca60744cd216",
    "title": "Performance Test Card 100",
    "category_ids": [
      "956531ad-765e-489f-b96d-ea0f55a86ab3"
    ],
    "status": "archived"
  },
  {
    "id": "c8b39cf5-0340-4327-9881-4506fe874bfe",
    "title": "Performance Test Card 101",
    "category_ids": [
      "80fb9203-a6b9-4056-93f9-55245d7183f8"
    ],
    "status": "error"
  },
  {
    "id": "b6497db3-9d60-40ba-8926-e1cf6956bb3f",
    "title": "Performance Test Card 102",
    "category_ids": [
      "1ec1f5ae-f36f-497d-ad95-d837347f6eb6"
    ],
    "status": "error"
  },
  {
    "id": "d2e610dd-10b5-43c3-b668-617d13a40d0f",
    "title": "Performance Test Card 103",
    "category_ids": [
      "3b78635f-55d4-49eb-8cbb-d3e99fc012ae"
    ],
    "status": "archived"
  },
  {
    "id": "de0f9531-d58d-43b1-acd4-c2808ef88766",
    "title": "Performance Test Card 104",
    "category_ids": [
      "3b78635f-55d4-49eb-8cbb-d3e99fc012ae"
    ],
    "status": "error"
  },
  {
    "id": "2aec2d68-d14c-418c-8a48-2f562cc740e0",
    "title": "Performance Test Card 105",
    "category_ids": [
      "bd6fb8ef-1016-4d30-ab13-c272987cc8d0"
    ],
    "status": "archived"
  },
  {
    "id": "cf7fb2e0-6adf-404b-999c-64a701f43a33",
    "title": "Performance Test Card 106",
    "category_ids": [
      "3b78635f-55d4-49eb-8cbb-d3e99fc012ae"
    ],
    "status": "draft"
  },
  {
    "id": "a2165358-f336-4cee-81eb-a895f28bbfa2",
    "title": "Performance Test Card 107",
    "category_ids": [
      "3b78635f-55d4-49eb-8cbb-d3e99fc012ae"
    ],
    "status": "draft"
  },
  {
    "id": "5a7ebbe4-863f-4693-ae8e-e08b9afe6e67",
    "title": "Performance Test Card 108",
    "category_ids": [
      "3b78635f-55d4-49eb-8cbb-d3e99fc012ae"
    ],
    "status": "archived"
  },
  {
    "id": "404d3c3f-dc65-4ad3-afd1-37ac2c3e6e2d",
    "title": "Performance Test Card 109",
    "category_ids": [
      "bd6fb8ef-1016-4d30-ab13-c272987cc8d0"
    ],
    "status": "published"
  },
  {
    "id": "54d37a6b-6cb6-4ed3-bbed-ffa183ae2529",
    "title": "Performance Test Card 110",
    "category_ids": [
      "80fb9203-a6b9-4056-93f9-55245d7183f8"
    ],
    "status": "archived"
  },
  {
    "id": "718bd79a-2e10-4147-9b0a-f9e473789ee9",
    "title": "Performance Test Card 111",
    "category_ids": [
      "fc25ee8b-3086-4d4d-a0fb-144696f709d8"
    ],
    "status": "draft"
  },
  {
    "id": "a7feeff3-c220-4c8f-8658-c3da0d4bdafb",
    "title": "Performance Test Card 112",
    "category_ids": [
      "d6f54a1b-f113-4af3-adc8-7646bb464324"
    ],
    "status": "published"
  },
  {
    "id": "3510945b-dae2-4b55-bcb4-b5884ce650e3",
    "title": "Performance Test Card 113",
    "category_ids": [
      "3b78635f-55d4-49eb-8cbb-d3e99fc012ae"
    ],
    "status": "draft"
  },
  {
    "id": "f485f18f-0cbb-4e7e-b475-979f6277cdbd",
    "title": "Performance Test Card 114",
    "category_ids": [
      "80fb9203-a6b9-4056-93f9-55245d7183f8"
    ],
    "status": "archived"
  },
  {
    "id": "f2f33121-03ac-467c-85d7-654e70d9f86d",
    "title": "Performance Test Card 115",
    "category_ids": [
      "956531ad-765e-489f-b96d-ea0f55a86ab3"
    ],
    "status": "published"
  },
  {
    "id": "81f852fe-41ac-4e59-a4eb-5116c8c0d7cb",
    "title": "Performance Test Card 116",
    "category_ids": [
      "eaa567f0-b407-41ae-a55c-ace5e79aa1f8"
    ],
    "status": "archived"
  },
  {
    "id": "97ab75d0-7bb1-4cc6-b57a-af961c5fdc4d",
    "title": "Performance Test Card 117",
    "category_ids": [
      "956531ad-765e-489f-b96d-ea0f55a86ab3"
    ],
    "status": "archived"
  },
  {
    "id": "f041c041-9e21-411a-bd87-4bdfb3c889b3",
    "title": "Performance Test Card 118",
    "category_ids": [
      "fc25ee8b-3086-4d4d-a0fb-144696f709d8"
    ],
    "status": "error"
  },
  {
    "id": "517b621b-22c4-4829-baa4-42d5b67b4744",
    "title": "Performance Test Card 119",
    "category_ids": [
      "bd6fb8ef-1016-4d30-ab13-c272987cc8d0"
    ],
    "status": "error"
  },
  {
    "id": "2c4cb5f4-b2b9-401c-a9bd-117376e13760",
    "title": "Performance Test Card 120",
    "category_ids": [
      "65bf7558-a837-40d8-a39a-e1b32c82e743"
    ],
    "status": "draft"
  },
  {
    "id": "f7a00a92-d7dd-4604-bafc-f912e8b28e1e",
    "title": "Performance Test Card 121",
    "category_ids": [
      "3b78635f-55d4-49eb-8cbb-d3e99fc012ae"
    ],
    "status": "archived"
  },
  {
    "id": "4256d331-c471-42cc-8ac8-3270f354f097",
    "title": "Performance Test Card 122",
    "category_ids": [
      "112a2f44-bea1-46d3-9b04-2ba0e0954a6e"
    ],
    "status": "published"
  },
  {
    "id": "50316cc6-af7a-4904-a30a-ca7a6d197e84",
    "title": "Performance Test Card 123",
    "category_ids": [
      "112a2f44-bea1-46d3-9b04-2ba0e0954a6e"
    ],
    "status": "draft"
  },
  {
    "id": "8e9f81b6-d9f4-49b3-8198-52abf2c34d53",
    "title": "Performance Test Card 124",
    "category_ids": [
      "bd6fb8ef-1016-4d30-ab13-c272987cc8d0"
    ],
    "status": "draft"
  },
  {
    "id": "f8fb0746-d775-4509-b8a0-3d27106f4e96",
    "title": "Performance Test Card 125",
    "category_ids": [
      "65bf7558-a837-40d8-a39a-e1b32c82e743"
    ],
    "status": "error"
  },
  {
    "id": "545e060e-c5f4-4da2-928b-b62940d58072",
    "title": "Performance Test Card 126",
    "category_ids": [
      "3b78635f-55d4-49eb-8cbb-d3e99fc012ae"
    ],
    "status": "published"
  },
  {
    "id": "966afd10-d50f-4190-a344-2341ed0fc719",
    "title": "Performance Test Card 127",
    "category_ids": [
      "d6f54a1b-f113-4af3-adc8-7646bb464324"
    ],
    "status": "archived"
  },
  {
    "id": "066f70d6-eb64-4234-866c-71aa39a8de7e",
    "title": "Performance Test Card 128",
    "category_ids": [
      "eaa567f0-b407-41ae-a55c-ace5e79aa1f8"
    ],
    "status": "draft"
  },
  {
    "id": "773676fd-342c-4af7-9704-cb0fd5b43f69",
    "title": "Performance Test Card 129",
    "category_ids": [
      "956531ad-765e-489f-b96d-ea0f55a86ab3"
    ],
    "status": "draft"
  },
  {
    "id": "500cadff-e140-4390-85e5-c5c5f26d534e",
    "title": "Performance Test Card 130",
    "category_ids": [
      "3b78635f-55d4-49eb-8cbb-d3e99fc012ae"
    ],
    "status": "error"
  },
  {
    "id": "f7865af7-8072-4268-bc8d-0391c1c022cb",
    "title": "Performance Test Card 131",
    "category_ids": [
      "3b78635f-55d4-49eb-8cbb-d3e99fc012ae"
    ],
    "status": "archived"
  },
  {
    "id": "7aaa04e4-a76f-4cf8-8adc-3baf35081f12",
    "title": "Performance Test Card 132",
    "category_ids": [
      "fc25ee8b-3086-4d4d-a0fb-144696f709d8"
    ],
    "status": "error"
  },
  {
    "id": "c492a616-254a-4cfd-8ba4-5ef61a786eb8",
    "title": "Performance Test Card 133",
    "category_ids": [
      "956531ad-765e-489f-b96d-ea0f55a86ab3"
    ],
    "status": "archived"
  },
  {
    "id": "9a7307ce-cc94-4fea-b4c2-b272e90d0038",
    "title": "Performance Test Card 134",
    "category_ids": [
      "d6f54a1b-f113-4af3-adc8-7646bb464324"
    ],
    "status": "archived"
  },
  {
    "id": "f45de614-f2ff-45df-80ae-c60f598f7ab5",
    "title": "Performance Test Card 135",
    "category_ids": [
      "eaa567f0-b407-41ae-a55c-ace5e79aa1f8"
    ],
    "status": "published"
  },
  {
    "id": "f5c82225-cc08-4a80-9805-de75a6907faa",
    "title": "Performance Test Card 136",
    "category_ids": [
      "fc25ee8b-3086-4d4d-a0fb-144696f709d8"
    ],
    "status": "draft"
  },
  {
    "id": "5db7c5e2-ed26-48e2-b3c2-ed07889ea35a",
    "title": "Performance Test Card 137",
    "category_ids": [
      "bd6fb8ef-1016-4d30-ab13-c272987cc8d0"
    ],
    "status": "draft"
  },
  {
    "id": "a06e1c01-f94a-466e-9e4e-c0c508df4332",
    "title": "Performance Test Card 138",
    "category_ids": [
      "bd6fb8ef-1016-4d30-ab13-c272987cc8d0"
    ],
    "status": "archived"
  },
  {
    "id": "98a026f1-2a07-4804-b39b-b352cbed7e96",
    "title": "Performance Test Card 139",
    "category_ids": [
      "956531ad-765e-489f-b96d-ea0f55a86ab3"
    ],
    "status": "published"
  },
  {
    "id": "17139e97-2d67-4b90-979a-02a83a40fc8a",
    "title": "Performance Test Card 140",
    "category_ids": [
      "fc25ee8b-3086-4d4d-a0fb-144696f709d8"
    ],
    "status": "archived"
  },
  {
    "id": "62f709c7-8dd8-4ed7-8834-9922b8039191",
    "title": "Performance Test Card 141",
    "category_ids": [
      "956531ad-765e-489f-b96d-ea0f55a86ab3"
    ],
    "status": "archived"
  },
  {
    "id": "b3e26acf-0d25-4dc8-a242-986d4072f8f0",
    "title": "Performance Test Card 142",
    "category_ids": [
      "65bf7558-a837-40d8-a39a-e1b32c82e743"
    ],
    "status": "draft"
  },
  {
    "id": "715c911d-3da4-4060-82a8-8a13ca639c83",
    "title": "Performance Test Card 143",
    "category_ids": [
      "112a2f44-bea1-46d3-9b04-2ba0e0954a6e"
    ],
    "status": "error"
  },
  {
    "id": "1340dfcd-a061-47e6-af6f-50f4b2d8f381",
    "title": "Performance Test Card 144",
    "category_ids": [
      "bd6fb8ef-1016-4d30-ab13-c272987cc8d0"
    ],
    "status": "draft"
  },
  {
    "id": "693a97a7-b32b-4df3-beeb-1a0639cf0f93",
    "title": "Performance Test Card 145",
    "category_ids": [
      "eaa567f0-b407-41ae-a55c-ace5e79aa1f8"
    ],
    "status": "error"
  },
  {
    "id": "e5dc9d3b-8589-4132-a4fb-ec61fda19b21",
    "title": "Performance Test Card 146",
    "category_ids": [
      "bd6fb8ef-1016-4d30-ab13-c272987cc8d0"
    ],
    "status": "draft"
  },
  {
    "id": "3b2f0ad7-4ff4-4724-bf72-95b918a42c9b",
    "title": "Performance Test Card 147",
    "category_ids": [
      "bd6fb8ef-1016-4d30-ab13-c272987cc8d0"
    ],
    "status": "archived"
  },
  {
    "id": "95154dca-1c9c-48c8-bd3d-4c9a41ab9319",
    "title": "Performance Test Card 148",
    "category_ids": [
      "65bf7558-a837-40d8-a39a-e1b32c82e743"
    ],
    "status": "published"
  },
  {
    "id": "d946c1b7-6d0b-4443-90b9-0c835c26d1d8",
    "title": "Performance Test Card 149",
    "category_ids": [
      "bd6fb8ef-1016-4d30-ab13-c272987cc8d0"
    ],
    "status": "archived"
  },
  {
    "id": "d62035a6-6724-4204-adf5-395049ef4168",
    "title": "Performance Test Card 150",
    "category_ids": [
      "fc25ee8b-3086-4d4d-a0fb-144696f709d8"
    ],
    "status": "draft"
  },
  {
    "id": "a0f29c04-76a7-4ccd-8e27-fa6d0791b068",
    "title": "Performance Test Card 151",
    "category_ids": [
      "956531ad-765e-489f-b96d-ea0f55a86ab3"
    ],
    "status": "archived"
  },
  {
    "id": "36ef322f-f664-492b-af6d-19a51bdd7345",
    "title": "Performance Test Card 152",
    "category_ids": [
      "3b78635f-55d4-49eb-8cbb-d3e99fc012ae"
    ],
    "status": "draft"
  },
  {
    "id": "2e8848ef-aaf0-432a-a17d-53fcf4b17bcf",
    "title": "Performance Test Card 153",
    "category_ids": [
      "eaa567f0-b407-41ae-a55c-ace5e79aa1f8"
    ],
    "status": "published"
  },
  {
    "id": "b04c63ec-c7cc-422a-84d4-9cddcbd8cf7c",
    "title": "Performance Test Card 154",
    "category_ids": [
      "eaa567f0-b407-41ae-a55c-ace5e79aa1f8"
    ],
    "status": "draft"
  },
  {
    "id": "d6efc3f0-6bfd-4cf8-a2b5-30f0505ce082",
    "title": "Performance Test Card 155",
    "category_ids": [
      "eaa567f0-b407-41ae-a55c-ace5e79aa1f8"
    ],
    "status": "error"
  },
  {
    "id": "cca769b4-cf27-48a7-a9a6-825b753d2441",
    "title": "Performance Test Card 156",
    "category_ids": [
      "fc25ee8b-3086-4d4d-a0fb-144696f709d8"
    ],
    "status": "error"
  },
  {
    "id": "5fcd6fba-219c-4082-a95f-469766780094",
    "title": "Performance Test Card 157",
    "category_ids": [
      "112a2f44-bea1-46d3-9b04-2ba0e0954a6e"
    ],
    "status": "error"
  },
  {
    "id": "40130aa2-0493-4779-a52f-61a6dde0316c",
    "title": "Performance Test Card 158",
    "category_ids": [
      "bd6fb8ef-1016-4d30-ab13-c272987cc8d0"
    ],
    "status": "draft"
  },
  {
    "id": "093bf90c-21cb-4363-ae61-8e5cca730708",
    "title": "Performance Test Card 159",
    "category_ids": [
      "80fb9203-a6b9-4056-93f9-55245d7183f8"
    ],
    "status": "archived"
  },
  {
    "id": "03f5530c-d41d-47d6-a0c2-8b69fb58564f",
    "title": "Performance Test Card 160",
    "category_ids": [
      "eaa567f0-b407-41ae-a55c-ace5e79aa1f8"
    ],
    "status": "error"
  },
  {
    "id": "caf58333-6e57-4e57-95d2-dc413277e0f9",
    "title": "Performance Test Card 161",
    "category_ids": [
      "956531ad-765e-489f-b96d-ea0f55a86ab3"
    ],
    "status": "published"
  },
  {
    "id": "1cda7ca9-3879-4e48-b979-84a185f5a69c",
    "title": "Performance Test Card 162",
    "category_ids": [
      "fc25ee8b-3086-4d4d-a0fb-144696f709d8"
    ],
    "status": "draft"
  },
  {
    "id": "4de7c557-1a8d-415c-b479-12bc37d02c57",
    "title": "Performance Test Card 163",
    "category_ids": [
      "956531ad-765e-489f-b96d-ea0f55a86ab3"
    ],
    "status": "published"
  },
  {
    "id": "8a6325e2-be67-44bd-82db-53b3851a909f",
    "title": "Performance Test Card 164",
    "category_ids": [
      "fc25ee8b-3086-4d4d-a0fb-144696f709d8"
    ],
    "status": "error"
  },
  {
    "id": "49f2f107-ab45-40a4-8392-5e9caa570bf5",
    "title": "Performance Test Card 165",
    "category_ids": [
      "fc25ee8b-3086-4d4d-a0fb-144696f709d8"
    ],
    "status": "published"
  },
  {
    "id": "aa8c5a45-8672-4246-b7fc-512021c264ce",
    "title": "Performance Test Card 166",
    "category_ids": [
      "d6f54a1b-f113-4af3-adc8-7646bb464324"
    ],
    "status": "draft"
  },
  {
    "id": "566ca108-4e93-4d82-856e-d4f07c961fb8",
    "title": "Performance Test Card 167",
    "category_ids": [
      "eaa567f0-b407-41ae-a55c-ace5e79aa1f8"
    ],
    "status": "archived"
  },
  {
    "id": "28023593-599e-4df3-abc8-597c2a6ecc39",
    "title": "Performance Test Card 168",
    "category_ids": [
      "112a2f44-bea1-46d3-9b04-2ba0e0954a6e"
    ],
    "status": "archived"
  },
  {
    "id": "2ac905b3-3b74-4d07-bd79-d19ea0cc89f6",
    "title": "Performance Test Card 169",
    "category_ids": [
      "80fb9203-a6b9-4056-93f9-55245d7183f8"
    ],
    "status": "error"
  },
  {
    "id": "425c16ff-a272-4db1-9f88-381747716421",
    "title": "Performance Test Card 170",
    "category_ids": [
      "65bf7558-a837-40d8-a39a-e1b32c82e743"
    ],
    "status": "error"
  },
  {
    "id": "7d6669c0-7bb1-45b0-a7bf-e1b77cd934b0",
    "title": "Performance Test Card 171",
    "category_ids": [
      "956531ad-765e-489f-b96d-ea0f55a86ab3"
    ],
    "status": "draft"
  },
  {
    "id": "4bd3ed38-3cdb-4766-8c8e-bb1cdef3ce96",
    "title": "Performance Test Card 172",
    "category_ids": [
      "eaa567f0-b407-41ae-a55c-ace5e79aa1f8"
    ],
    "status": "archived"
  },
  {
    "id": "ac9c602c-6650-4614-be43-625a43f7c724",
    "title": "Performance Test Card 173",
    "category_ids": [
      "956531ad-765e-489f-b96d-ea0f55a86ab3"
    ],
    "status": "published"
  },
  {
    "id": "b3698660-53a7-4db0-a9a9-c743d1b74a8d",
    "title": "Performance Test Card 174",
    "category_ids": [
      "eaa567f0-b407-41ae-a55c-ace5e79aa1f8"
    ],
    "status": "draft"
  },
  {
    "id": "a0ad72cb-910f-462a-b3a5-4ccc19c62d89",
    "title": "Performance Test Card 175",
    "category_ids": [
      "956531ad-765e-489f-b96d-ea0f55a86ab3"
    ],
    "status": "published"
  },
  {
    "id": "9658a84c-2e99-4800-926d-b68de406e25f",
    "title": "Performance Test Card 176",
    "category_ids": [
      "eaa567f0-b407-41ae-a55c-ace5e79aa1f8"
    ],
    "status": "published"
  },
  {
    "id": "9458a8ee-5354-4d87-84d8-d2e8a18f8fa1",
    "title": "Performance Test Card 177",
    "category_ids": [
      "1ec1f5ae-f36f-497d-ad95-d837347f6eb6"
    ],
    "status": "draft"
  },
  {
    "id": "46f01df9-95c3-4863-8e4d-ba94de92c1e6",
    "title": "Performance Test Card 178",
    "category_ids": [
      "956531ad-765e-489f-b96d-ea0f55a86ab3"
    ],
    "status": "published"
  },
  {
    "id": "caee64ac-8777-4646-bb28-84d3405d63f7",
    "title": "Performance Test Card 179",
    "category_ids": [
      "3b78635f-55d4-49eb-8cbb-d3e99fc012ae"
    ],
    "status": "error"
  },
  {
    "id": "bf0e4b12-6be1-441a-a05a-d3fb11bb56a2",
    "title": "Performance Test Card 180",
    "category_ids": [
      "1ec1f5ae-f36f-497d-ad95-d837347f6eb6"
    ],
    "status": "draft"
  },
  {
    "id": "2bca4aa3-b51d-4431-b698-ea58a3779b24",
    "title": "Performance Test Card 181",
    "category_ids": [
      "d6f54a1b-f113-4af3-adc8-7646bb464324"
    ],
    "status": "archived"
  },
  {
    "id": "712237f0-4c71-44a6-ada6-69dfc9dcb960",
    "title": "Performance Test Card 182",
    "category_ids": [
      "fc25ee8b-3086-4d4d-a0fb-144696f709d8"
    ],
    "status": "error"
  },
  {
    "id": "7845b1e5-32fc-4b97-a499-f0731fa5fd0b",
    "title": "Performance Test Card 183",
    "category_ids": [
      "65bf7558-a837-40d8-a39a-e1b32c82e743"
    ],
    "status": "draft"
  },
  {
    "id": "4372b84d-a6f2-4e5d-be26-b1c76ef14a60",
    "title": "Performance Test Card 184",
    "category_ids": [
      "112a2f44-bea1-46d3-9b04-2ba0e0954a6e"
    ],
    "status": "draft"
  },
  {
    "id": "d9e6b33c-27ee-4860-97f9-a5d434cdc7ca",
    "title": "Performance Test Card 185",
    "category_ids": [
      "eaa567f0-b407-41ae-a55c-ace5e79aa1f8"
    ],
    "status": "draft"
  },
  {
    "id": "18ba9dae-0bc5-4312-bf91-52f8e9a1fd40",
    "title": "Performance Test Card 186",
    "category_ids": [
      "d6f54a1b-f113-4af3-adc8-7646bb464324"
    ],
    "status": "published"
  },
  {
    "id": "a9f4f534-a5be-43d1-9cb0-484cd1a298db",
    "title": "Performance Test Card 187",
    "category_ids": [
      "d6f54a1b-f113-4af3-adc8-7646bb464324"
    ],
    "status": "archived"
  },
  {
    "id": "22279cb0-74b7-4ad5-b907-93a26be2c699",
    "title": "Performance Test Card 188",
    "category_ids": [
      "1ec1f5ae-f36f-497d-ad95-d837347f6eb6"
    ],
    "status": "error"
  },
  {
    "id": "2651f200-56da-40cb-b5c2-9ebfdce39956",
    "title": "Performance Test Card 189",
    "category_ids": [
      "1ec1f5ae-f36f-497d-ad95-d837347f6eb6"
    ],
    "status": "error"
  },
  {
    "id": "8383527f-baf8-4aa8-909f-f026003dadb7",
    "title": "Performance Test Card 190",
    "category_ids": [
      "eaa567f0-b407-41ae-a55c-ace5e79aa1f8"
    ],
    "status": "draft"
  },
  {
    "id": "c23cde3d-58b2-4623-9608-65a1596d7f2d",
    "title": "Performance Test Card 191",
    "category_ids": [
      "3b78635f-55d4-49eb-8cbb-d3e99fc012ae"
    ],
    "status": "draft"
  },
  {
    "id": "ca7a4615-0082-4e4d-8107-71cd971231a1",
    "title": "Performance Test Card 192",
    "category_ids": [
      "d6f54a1b-f113-4af3-adc8-7646bb464324"
    ],
    "status": "error"
  },
  {
    "id": "45f3fba5-cf1b-41da-9fb9-5130dc0049cb",
    "title": "Performance Test Card 193",
    "category_ids": [
      "eaa567f0-b407-41ae-a55c-ace5e79aa1f8"
    ],
    "status": "archived"
  },
  {
    "id": "6fa6dc02-d5d4-436a-9005-31a0bdaf9a46",
    "title": "Performance Test Card 194",
    "category_ids": [
      "3b78635f-55d4-49eb-8cbb-d3e99fc012ae"
    ],
    "status": "published"
  },
  {
    "id": "0b8f8f46-e68c-411f-ae5e-80e3b31f8782",
    "title": "Performance Test Card 195",
    "category_ids": [
      "112a2f44-bea1-46d3-9b04-2ba0e0954a6e"
    ],
    "status": "published"
  },
  {
    "id": "3e2bdff6-4ec8-4ba7-95c7-898ec5b59f79",
    "title": "Performance Test Card 196",
    "category_ids": [
      "bd6fb8ef-1016-4d30-ab13-c272987cc8d0"
    ],
    "status": "draft"
  },
  {
    "id": "d8c67123-1d9d-4d53-887d-92629bbd884e",
    "title": "Performance Test Card 197",
    "category_ids": [
      "112a2f44-bea1-46d3-9b04-2ba0e0954a6e"
    ],
    "status": "error"
  },
  {
    "id": "af015225-f918-4819-a3ab-d576cda8b039",
    "title": "Performance Test Card 198",
    "category_ids": [
      "d6f54a1b-f113-4af3-adc8-7646bb464324"
    ],
    "status": "published"
  },
  {
    "id": "5ead398a-4265-4702-b22f-b5526de7ead5",
    "title": "Performance Test Card 199",
    "category_ids": [
      "3b78635f-55d4-49eb-8cbb-d3e99fc012ae"
    ],
    "status": "error"
  },
  {
    "id": "12e77cb5-2dc1-49bd-8f3b-cde2b486f652",
    "title": "Performance Test Card 200",
    "category_ids": [
      "d6f54a1b-f113-4af3-adc8-7646bb464324"
    ],
    "status": "draft"
  },
  {
    "id": "607f555e-fd48-42de-be34-1a86ab7495d8",
    "title": "Performance Test Card 201",
    "category_ids": [
      "3b78635f-55d4-49eb-8cbb-d3e99fc012ae"
    ],
    "status": "archived"
  },
  {
    "id": "b76e98b1-e999-45f6-bc01-774cb6fe4b59",
    "title": "Performance Test Card 202",
    "category_ids": [
      "956531ad-765e-489f-b96d-ea0f55a86ab3"
    ],
    "status": "draft"
  },
  {
    "id": "e64580f6-9789-48b8-bab9-41a97fdc5381",
    "title": "Performance Test Card 203",
    "category_ids": [
      "eaa567f0-b407-41ae-a55c-ace5e79aa1f8"
    ],
    "status": "error"
  },
  {
    "id": "e24bb5a0-1175-4967-bf81-701de1ed4bf2",
    "title": "Performance Test Card 204",
    "category_ids": [
      "bd6fb8ef-1016-4d30-ab13-c272987cc8d0"
    ],
    "status": "archived"
  },
  {
    "id": "53bdbaa7-e754-400b-85dc-c095148bfa82",
    "title": "Performance Test Card 205",
    "category_ids": [
      "eaa567f0-b407-41ae-a55c-ace5e79aa1f8"
    ],
    "status": "archived"
  },
  {
    "id": "452de1d6-6aff-4cb9-b6a7-91812849ec1a",
    "title": "Performance Test Card 206",
    "category_ids": [
      "d6f54a1b-f113-4af3-adc8-7646bb464324"
    ],
    "status": "error"
  },
  {
    "id": "d1a5fe23-a2b9-409e-a8d5-3bb2c2a9e339",
    "title": "Performance Test Card 207",
    "category_ids": [
      "112a2f44-bea1-46d3-9b04-2ba0e0954a6e"
    ],
    "status": "archived"
  },
  {
    "id": "ab1f52cf-a2d7-417a-b42a-9472bc9b903f",
    "title": "Performance Test Card 208",
    "category_ids": [
      "80fb9203-a6b9-4056-93f9-55245d7183f8"
    ],
    "status": "error"
  },
  {
    "id": "17221858-17f8-4a98-b733-e3bf59850650",
    "title": "Performance Test Card 209",
    "category_ids": [
      "bd6fb8ef-1016-4d30-ab13-c272987cc8d0"
    ],
    "status": "error"
  },
  {
    "id": "73de9022-0848-4ecd-bf35-20b7b5869f8a",
    "title": "Performance Test Card 210",
    "category_ids": [
      "fc25ee8b-3086-4d4d-a0fb-144696f709d8"
    ],
    "status": "archived"
  },
  {
    "id": "7dbe62c3-5b49-4d52-bb40-75b2ffea692f",
    "title": "Performance Test Card 211",
    "category_ids": [
      "eaa567f0-b407-41ae-a55c-ace5e79aa1f8"
    ],
    "status": "error"
  },
  {
    "id": "fce6d30e-8c90-4234-90fb-c2d4070fb1ea",
    "title": "Performance Test Card 212",
    "category_ids": [
      "1ec1f5ae-f36f-497d-ad95-d837347f6eb6"
    ],
    "status": "archived"
  },
  {
    "id": "9dcc5975-9b89-44fe-956b-c1bfbb403796",
    "title": "Performance Test Card 213",
    "category_ids": [
      "bd6fb8ef-1016-4d30-ab13-c272987cc8d0"
    ],
    "status": "error"
  },
  {
    "id": "af5d04fd-f189-47fa-8f4e-d1b8d68dfef7",
    "title": "Performance Test Card 214",
    "category_ids": [
      "1ec1f5ae-f36f-497d-ad95-d837347f6eb6"
    ],
    "status": "draft"
  },
  {
    "id": "2bfc806d-d661-4183-ad89-7c3f84d1d829",
    "title": "Performance Test Card 215",
    "category_ids": [
      "956531ad-765e-489f-b96d-ea0f55a86ab3"
    ],
    "status": "archived"
  },
  {
    "id": "338a9256-a8d7-487c-8000-b1f026770b1a",
    "title": "Performance Test Card 216",
    "category_ids": [
      "fc25ee8b-3086-4d4d-a0fb-144696f709d8"
    ],
    "status": "error"
  },
  {
    "id": "2e28dda8-9dc8-450d-8494-51b5a7a8a2f7",
    "title": "Performance Test Card 217",
    "category_ids": [
      "fc25ee8b-3086-4d4d-a0fb-144696f709d8"
    ],
    "status": "draft"
  },
  {
    "id": "49cded94-27ca-4392-b4fc-fb3efdf2f2f8",
    "title": "Performance Test Card 218",
    "category_ids": [
      "d6f54a1b-f113-4af3-adc8-7646bb464324"
    ],
    "status": "error"
  },
  {
    "id": "4bd38843-5707-47a7-b6cb-ef4ab7d35c4f",
    "title": "Performance Test Card 219",
    "category_ids": [
      "80fb9203-a6b9-4056-93f9-55245d7183f8"
    ],
    "status": "error"
  },
  {
    "id": "03568ecc-696f-4645-88d8-4b3a2066ee2c",
    "title": "Performance Test Card 220",
    "category_ids": [
      "80fb9203-a6b9-4056-93f9-55245d7183f8"
    ],
    "status": "error"
  },
  {
    "id": "7996d2ba-b791-413b-be32-4f7b128d9cd5",
    "title": "Performance Test Card 221",
    "category_ids": [
      "956531ad-765e-489f-b96d-ea0f55a86ab3"
    ],
    "status": "error"
  },
  {
    "id": "c361e5cc-5c7f-4deb-bedf-0e9b2decc7e5",
    "title": "Performance Test Card 222",
    "category_ids": [
      "bd6fb8ef-1016-4d30-ab13-c272987cc8d0"
    ],
    "status": "published"
  },
  {
    "id": "011d6c1e-721a-4321-84a1-639a980fb4a9",
    "title": "Performance Test Card 223",
    "category_ids": [
      "eaa567f0-b407-41ae-a55c-ace5e79aa1f8"
    ],
    "status": "error"
  },
  {
    "id": "72363c0b-0910-44c2-ae14-f029d3e2839a",
    "title": "Performance Test Card 224",
    "category_ids": [
      "112a2f44-bea1-46d3-9b04-2ba0e0954a6e"
    ],
    "status": "error"
  },
  {
    "id": "95f1bf88-48c9-4c6c-920e-a153561a98e7",
    "title": "Performance Test Card 225",
    "category_ids": [
      "bd6fb8ef-1016-4d30-ab13-c272987cc8d0"
    ],
    "status": "draft"
  },
  {
    "id": "39a4577e-bbf0-472d-8931-21116d90dd06",
    "title": "Performance Test Card 226",
    "category_ids": [
      "956531ad-765e-489f-b96d-ea0f55a86ab3"
    ],
    "status": "error"
  },
  {
    "id": "e0ea844b-4fcf-4435-9bd0-3502dc751db0",
    "title": "Performance Test Card 227",
    "category_ids": [
      "fc25ee8b-3086-4d4d-a0fb-144696f709d8"
    ],
    "status": "error"
  },
  {
    "id": "e5cbe9e3-30db-4598-a8f4-db11a66808d1",
    "title": "Performance Test Card 228",
    "category_ids": [
      "112a2f44-bea1-46d3-9b04-2ba0e0954a6e"
    ],
    "status": "published"
  },
  {
    "id": "e9eb272e-1abe-4140-832e-6485ef8bb9d1",
    "title": "Performance Test Card 229",
    "category_ids": [
      "956531ad-765e-489f-b96d-ea0f55a86ab3"
    ],
    "status": "error"
  },
  {
    "id": "7539488b-a0b7-4626-83e0-7e523493dc57",
    "title": "Performance Test Card 230",
    "category_ids": [
      "eaa567f0-b407-41ae-a55c-ace5e79aa1f8"
    ],
    "status": "draft"
  },
  {
    "id": "f2c20f5e-93f2-4e44-a7dd-ab53e766870e",
    "title": "Performance Test Card 231",
    "category_ids": [
      "eaa567f0-b407-41ae-a55c-ace5e79aa1f8"
    ],
    "status": "archived"
  },
  {
    "id": "d2005a04-a28a-4773-9724-8c581854319f",
    "title": "Performance Test Card 232",
    "category_ids": [
      "80fb9203-a6b9-4056-93f9-55245d7183f8"
    ],
    "status": "error"
  },
  {
    "id": "8044420d-c42f-447b-a5cf-2f69bd68e6f3",
    "title": "Performance Test Card 233",
    "category_ids": [
      "eaa567f0-b407-41ae-a55c-ace5e79aa1f8"
    ],
    "status": "error"
  },
  {
    "id": "ff220b2c-0876-49a7-b838-cf2c52cc938c",
    "title": "Performance Test Card 234",
    "category_ids": [
      "eaa567f0-b407-41ae-a55c-ace5e79aa1f8"
    ],
    "status": "draft"
  },
  {
    "id": "3214263e-fb38-46b6-987f-e2f143578d1e",
    "title": "Performance Test Card 235",
    "category_ids": [
      "1ec1f5ae-f36f-497d-ad95-d837347f6eb6"
    ],
    "status": "archived"
  },
  {
    "id": "f9482276-be70-434b-ada3-96967fb7ce37",
    "title": "Performance Test Card 236",
    "category_ids": [
      "956531ad-765e-489f-b96d-ea0f55a86ab3"
    ],
    "status": "error"
  },
  {
    "id": "6dcb93c4-8ac4-4fd0-84ef-00971b30faf1",
    "title": "Performance Test Card 237",
    "category_ids": [
      "65bf7558-a837-40d8-a39a-e1b32c82e743"
    ],
    "status": "published"
  },
  {
    "id": "35773051-53d0-458f-ab8e-c50c6c08bb67",
    "title": "Performance Test Card 238",
    "category_ids": [
      "80fb9203-a6b9-4056-93f9-55245d7183f8"
    ],
    "status": "archived"
  },
  {
    "id": "64d0cd8d-0c12-47e3-b973-7987088daf18",
    "title": "Performance Test Card 239",
    "category_ids": [
      "80fb9203-a6b9-4056-93f9-55245d7183f8"
    ],
    "status": "published"
  },
  {
    "id": "5f7724ea-3e39-477b-951a-51ec96f55b8a",
    "title": "Performance Test Card 240",
    "category_ids": [
      "956531ad-765e-489f-b96d-ea0f55a86ab3"
    ],
    "status": "published"
  },
  {
    "id": "9866a05f-d007-40d0-86af-faff19561310",
    "title": "Performance Test Card 241",
    "category_ids": [
      "112a2f44-bea1-46d3-9b04-2ba0e0954a6e"
    ],
    "status": "published"
  },
  {
    "id": "2354fccf-2ec1-4b04-8754-5c83c03e876c",
    "title": "Performance Test Card 242",
    "category_ids": [
      "956531ad-765e-489f-b96d-ea0f55a86ab3"
    ],
    "status": "error"
  },
  {
    "id": "60a02292-0367-433a-87f4-8512fffa90a8",
    "title": "Performance Test Card 243",
    "category_ids": [
      "fc25ee8b-3086-4d4d-a0fb-144696f709d8"
    ],
    "status": "archived"
  },
  {
    "id": "f58bdbd6-48c8-4a2f-bc2f-3a9a59bf8cc4",
    "title": "Performance Test Card 244",
    "category_ids": [
      "3b78635f-55d4-49eb-8cbb-d3e99fc012ae"
    ],
    "status": "error"
  },
  {
    "id": "bc0d3c0e-d4f9-4c1a-9c0c-c7291a34b94e",
    "title": "Performance Test Card 245",
    "category_ids": [
      "1ec1f5ae-f36f-497d-ad95-d837347f6eb6"
    ],
    "status": "published"
  },
  {
    "id": "54ac8bb5-23aa-40ae-b6e5-0f967a29b4b4",
    "title": "Performance Test Card 246",
    "category_ids": [
      "80fb9203-a6b9-4056-93f9-55245d7183f8"
    ],
    "status": "archived"
  },
  {
    "id": "34133349-f91b-472b-8a3c-cc401c1e5f01",
    "title": "Performance Test Card 247",
    "category_ids": [
      "112a2f44-bea1-46d3-9b04-2ba0e0954a6e"
    ],
    "status": "published"
  },
  {
    "id": "244a31b1-fa6d-47dd-bd67-e64fa8aa0171",
    "title": "Performance Test Card 248",
    "category_ids": [
      "112a2f44-bea1-46d3-9b04-2ba0e0954a6e"
    ],
    "status": "error"
  },
  {
    "id": "a389a7ec-8f8c-41ed-959f-8269f0daf10c",
    "title": "Performance Test Card 249",
    "category_ids": [
      "956531ad-765e-489f-b96d-ea0f55a86ab3"
    ],
    "status": "draft"
  },
  {
    "id": "6f244a41-b1db-41e6-a21a-bd50a7683c85",
    "title": "Performance Test Card 250",
    "category_ids": [
      "bd6fb8ef-1016-4d30-ab13-c272987cc8d0"
    ],
    "status": "error"
  },
  {
    "id": "1136e3b5-e212-445b-84e3-e6c0cea40ced",
    "title": "Performance Test Card 251",
    "category_ids": [
      "3b78635f-55d4-49eb-8cbb-d3e99fc012ae"
    ],
    "status": "archived"
  },
  {
    "id": "958dc58f-5c7d-4406-9d3b-b308b8b29745",
    "title": "Performance Test Card 252",
    "category_ids": [
      "3b78635f-55d4-49eb-8cbb-d3e99fc012ae"
    ],
    "status": "error"
  },
  {
    "id": "1e083ea6-a566-4bd2-84a6-2dceb27d71d4",
    "title": "Performance Test Card 253",
    "category_ids": [
      "80fb9203-a6b9-4056-93f9-55245d7183f8"
    ],
    "status": "error"
  },
  {
    "id": "a423d92e-2b89-48fc-a0be-05575856305d",
    "title": "Performance Test Card 254",
    "category_ids": [
      "112a2f44-bea1-46d3-9b04-2ba0e0954a6e"
    ],
    "status": "published"
  },
  {
    "id": "64dd32da-75e9-4b9d-831c-f0e3cd90f69f",
    "title": "Performance Test Card 255",
    "category_ids": [
      "112a2f44-bea1-46d3-9b04-2ba0e0954a6e"
    ],
    "status": "error"
  },
  {
    "id": "10af1f51-6d01-404c-9d14-ebe3a828688f",
    "title": "Performance Test Card 256",
    "category_ids": [
      "bd6fb8ef-1016-4d30-ab13-c272987cc8d0"
    ],
    "status": "error"
  },
  {
    "id": "307be0ae-5253-402c-a903-057bb1030924",
    "title": "Performance Test Card 257",
    "category_ids": [
      "65bf7558-a837-40d8-a39a-e1b32c82e743"
    ],
    "status": "archived"
  },
  {
    "id": "b4fa9d39-38fc-4bf2-9045-0f8c5434ce37",
    "title": "Performance Test Card 258",
    "category_ids": [
      "3b78635f-55d4-49eb-8cbb-d3e99fc012ae"
    ],
    "status": "archived"
  },
  {
    "id": "af0db29e-f0ea-412c-a3e7-edd37720447f",
    "title": "Performance Test Card 259",
    "category_ids": [
      "bd6fb8ef-1016-4d30-ab13-c272987cc8d0"
    ],
    "status": "error"
  },
  {
    "id": "4f1940c0-2ef8-40bd-9546-f1f57e352ad6",
    "title": "Performance Test Card 260",
    "category_ids": [
      "fc25ee8b-3086-4d4d-a0fb-144696f709d8"
    ],
    "status": "archived"
  },
  {
    "id": "ad24fc0c-58f7-487c-a53a-243ef243d4f2",
    "title": "Performance Test Card 261",
    "category_ids": [
      "80fb9203-a6b9-4056-93f9-55245d7183f8"
    ],
    "status": "error"
  },
  {
    "id": "097d3f2e-9a8f-4406-8ad8-015ef927d0c8",
    "title": "Performance Test Card 262",
    "category_ids": [
      "eaa567f0-b407-41ae-a55c-ace5e79aa1f8"
    ],
    "status": "error"
  },
  {
    "id": "b7391ac5-c75a-47c6-9eec-afa2db62b93e",
    "title": "Performance Test Card 263",
    "category_ids": [
      "fc25ee8b-3086-4d4d-a0fb-144696f709d8"
    ],
    "status": "archived"
  },
  {
    "id": "dfd81e04-0676-4f1e-89cf-614cec01be6e",
    "title": "Performance Test Card 264",
    "category_ids": [
      "fc25ee8b-3086-4d4d-a0fb-144696f709d8"
    ],
    "status": "error"
  },
  {
    "id": "e4c49d21-d98d-4715-b88a-ae5903db13c3",
    "title": "Performance Test Card 265",
    "category_ids": [
      "fc25ee8b-3086-4d4d-a0fb-144696f709d8"
    ],
    "status": "published"
  },
  {
    "id": "9801be47-1d58-4131-b6eb-759aec92bbea",
    "title": "Performance Test Card 266",
    "category_ids": [
      "eaa567f0-b407-41ae-a55c-ace5e79aa1f8"
    ],
    "status": "archived"
  },
  {
    "id": "118fec95-277b-4e89-9424-ec4933069fd9",
    "title": "Performance Test Card 267",
    "category_ids": [
      "bd6fb8ef-1016-4d30-ab13-c272987cc8d0"
    ],
    "status": "archived"
  },
  {
    "id": "99c9404f-cb4f-44f0-83f3-5bf0a6d164eb",
    "title": "Performance Test Card 268",
    "category_ids": [
      "1ec1f5ae-f36f-497d-ad95-d837347f6eb6"
    ],
    "status": "draft"
  },
  {
    "id": "6dcdc775-3c1a-45a9-bc4f-be21ebd0803a",
    "title": "Performance Test Card 269",
    "category_ids": [
      "eaa567f0-b407-41ae-a55c-ace5e79aa1f8"
    ],
    "status": "archived"
  },
  {
    "id": "df8545e5-fea6-41cd-99ca-b810d6acdedf",
    "title": "Performance Test Card 270",
    "category_ids": [
      "65bf7558-a837-40d8-a39a-e1b32c82e743"
    ],
    "status": "draft"
  },
  {
    "id": "d3635fea-480e-4036-b4f5-241bf0b7b234",
    "title": "Performance Test Card 271",
    "category_ids": [
      "bd6fb8ef-1016-4d30-ab13-c272987cc8d0"
    ],
    "status": "draft"
  },
  {
    "id": "39554477-13fe-47d7-b4a9-56f7fb51834e",
    "title": "Performance Test Card 272",
    "category_ids": [
      "3b78635f-55d4-49eb-8cbb-d3e99fc012ae"
    ],
    "status": "error"
  },
  {
    "id": "b62058b6-fc66-414d-af83-524f1ccabafe",
    "title": "Performance Test Card 273",
    "category_ids": [
      "fc25ee8b-3086-4d4d-a0fb-144696f709d8"
    ],
    "status": "archived"
  },
  {
    "id": "e1e04038-f94b-4767-aabe-e79b1556eee5",
    "title": "Performance Test Card 274",
    "category_ids": [
      "bd6fb8ef-1016-4d30-ab13-c272987cc8d0"
    ],
    "status": "published"
  },
  {
    "id": "01a7c331-7230-49cd-962a-362fec5f8b26",
    "title": "Performance Test Card 275",
    "category_ids": [
      "fc25ee8b-3086-4d4d-a0fb-144696f709d8"
    ],
    "status": "error"
  },
  {
    "id": "b49e547a-5859-48b9-945a-5a8b4a7a3e01",
    "title": "Performance Test Card 276",
    "category_ids": [
      "3b78635f-55d4-49eb-8cbb-d3e99fc012ae"
    ],
    "status": "error"
  },
  {
    "id": "d4b4646c-305f-4b26-a1c5-11a7a4ea9ca7",
    "title": "Performance Test Card 277",
    "category_ids": [
      "956531ad-765e-489f-b96d-ea0f55a86ab3"
    ],
    "status": "error"
  },
  {
    "id": "f7d2c17e-1743-4874-80eb-eab86967621c",
    "title": "Performance Test Card 278",
    "category_ids": [
      "956531ad-765e-489f-b96d-ea0f55a86ab3"
    ],
    "status": "archived"
  },
  {
    "id": "59a5158c-0a61-46a0-a6d5-7884fa12de44",
    "title": "Performance Test Card 279",
    "category_ids": [
      "65bf7558-a837-40d8-a39a-e1b32c82e743"
    ],
    "status": "archived"
  },
  {
    "id": "b5fc0ca6-ce38-4244-96e1-f4a4fe2da7ae",
    "title": "Performance Test Card 280",
    "category_ids": [
      "d6f54a1b-f113-4af3-adc8-7646bb464324"
    ],
    "status": "archived"
  },
  {
    "id": "f4dd63ba-78f8-4d5d-8141-6c64db44909f",
    "title": "Performance Test Card 281",
    "category_ids": [
      "bd6fb8ef-1016-4d30-ab13-c272987cc8d0"
    ],
    "status": "published"
  },
  {
    "id": "63377ef4-f5b0-43aa-9f3d-de197de090d2",
    "title": "Performance Test Card 282",
    "category_ids": [
      "bd6fb8ef-1016-4d30-ab13-c272987cc8d0"
    ],
    "status": "published"
  },
  {
    "id": "e799512c-27af-4161-b2ba-69ccea77dba9",
    "title": "Performance Test Card 283",
    "category_ids": [
      "d6f54a1b-f113-4af3-adc8-7646bb464324"
    ],
    "status": "published"
  },
  {
    "id": "a080f20b-e564-4878-874b-f7d85b1fdfc6",
    "title": "Performance Test Card 284",
    "category_ids": [
      "fc25ee8b-3086-4d4d-a0fb-144696f709d8"
    ],
    "status": "error"
  },
  {
    "id": "7924e983-c613-4a0d-a8b6-a2fdd0a1f2dc",
    "title": "Performance Test Card 285",
    "category_ids": [
      "80fb9203-a6b9-4056-93f9-55245d7183f8"
    ],
    "status": "published"
  },
  {
    "id": "ce3c5468-ee00-4954-9e24-840f1a35b791",
    "title": "Performance Test Card 286",
    "category_ids": [
      "956531ad-765e-489f-b96d-ea0f55a86ab3"
    ],
    "status": "draft"
  },
  {
    "id": "6b441e00-758b-442d-93b3-4336b0f887be",
    "title": "Performance Test Card 287",
    "category_ids": [
      "956531ad-765e-489f-b96d-ea0f55a86ab3"
    ],
    "status": "error"
  },
  {
    "id": "6fc690f2-176f-4eae-b96a-93dc76b5c3fc",
    "title": "Performance Test Card 288",
    "category_ids": [
      "956531ad-765e-489f-b96d-ea0f55a86ab3"
    ],
    "status": "draft"
  },
  {
    "id": "bcc0bdd8-b887-4616-974b-e9d5464cf06c",
    "title": "Performance Test Card 289",
    "category_ids": [
      "112a2f44-bea1-46d3-9b04-2ba0e0954a6e"
    ],
    "status": "error"
  },
  {
    "id": "6cff6877-2a90-431b-b673-1e1d45792c1a",
    "title": "Performance Test Card 290",
    "category_ids": [
      "65bf7558-a837-40d8-a39a-e1b32c82e743"
    ],
    "status": "published"
  },
  {
    "id": "a49c1d60-4a4a-4fe4-be8a-1eb982f67014",
    "title": "Performance Test Card 291",
    "category_ids": [
      "fc25ee8b-3086-4d4d-a0fb-144696f709d8"
    ],
    "status": "error"
  },
  {
    "id": "b946548d-d6be-4de8-8be3-20594152bcb7",
    "title": "Performance Test Card 292",
    "category_ids": [
      "112a2f44-bea1-46d3-9b04-2ba0e0954a6e"
    ],
    "status": "draft"
  },
  {
    "id": "b097de96-3cb9-4f91-aa6f-86b068294975",
    "title": "Performance Test Card 293",
    "category_ids": [
      "fc25ee8b-3086-4d4d-a0fb-144696f709d8"
    ],
    "status": "archived"
  },
  {
    "id": "ca9f52a6-c436-4be5-b2ea-574d3a1efd09",
    "title": "Performance Test Card 294",
    "category_ids": [
      "112a2f44-bea1-46d3-9b04-2ba0e0954a6e"
    ],
    "status": "archived"
  },
  {
    "id": "4514342e-9b3a-4bfd-879b-c062a643e09b",
    "title": "Performance Test Card 295",
    "category_ids": [
      "bd6fb8ef-1016-4d30-ab13-c272987cc8d0"
    ],
    "status": "archived"
  },
  {
    "id": "86a9fba7-ad08-43db-b8b4-4331b436d3f2",
    "title": "Performance Test Card 296",
    "category_ids": [
      "65bf7558-a837-40d8-a39a-e1b32c82e743"
    ],
    "status": "draft"
  },
  {
    "id": "108b15bc-f7ba-4363-8e37-7fc6f35bf2c8",
    "title": "Performance Test Card 297",
    "category_ids": [
      "fc25ee8b-3086-4d4d-a0fb-144696f709d8"
    ],
    "status": "error"
  },
  {
    "id": "52bf3473-c2da-4fb1-b856-42f901bb02b1",
    "title": "Performance Test Card 298",
    "category_ids": [
      "112a2f44-bea1-46d3-9b04-2ba0e0954a6e"
    ],
    "status": "draft"
  },
  {
    "id": "9e50cbc0-7942-467a-951a-7188334ea8f9",
    "title": "Performance Test Card 299",
    "category_ids": [
      "eaa567f0-b407-41ae-a55c-ace5e79aa1f8"
    ],
    "status": "archived"
  },
  {
    "id": "43de6372-c8d7-402c-a5be-1ff3ddbb31c3",
    "title": "Performance Test Card 300",
    "category_ids": [
      "956531ad-765e-489f-b96d-ea0f55a86ab3"
    ],
    "status": "draft"
  },
  {
    "id": "123745c1-822f-43fa-8809-7014104b2a66",
    "title": "Performance Test Card 301",
    "category_ids": [
      "3b78635f-55d4-49eb-8cbb-d3e99fc012ae"
    ],
    "status": "error"
  },
  {
    "id": "7db6201b-6d0c-40b6-9699-e4638eef0473",
    "title": "Performance Test Card 302",
    "category_ids": [
      "1ec1f5ae-f36f-497d-ad95-d837347f6eb6"
    ],
    "status": "draft"
  },
  {
    "id": "d1c4e418-a8e8-4dc3-8681-8d678d0f67f0",
    "title": "Performance Test Card 303",
    "category_ids": [
      "112a2f44-bea1-46d3-9b04-2ba0e0954a6e"
    ],
    "status": "published"
  },
  {
    "id": "bceda98a-bb1e-41ea-b811-dc4d4e210f80",
    "title": "Performance Test Card 304",
    "category_ids": [
      "d6f54a1b-f113-4af3-adc8-7646bb464324"
    ],
    "status": "error"
  },
  {
    "id": "3a8caed9-8ff1-4991-8a24-1ddce655cd9c",
    "title": "Performance Test Card 305",
    "category_ids": [
      "65bf7558-a837-40d8-a39a-e1b32c82e743"
    ],
    "status": "published"
  },
  {
    "id": "a0f47483-d656-4572-90e5-319494f84355",
    "title": "Performance Test Card 306",
    "category_ids": [
      "eaa567f0-b407-41ae-a55c-ace5e79aa1f8"
    ],
    "status": "archived"
  },
  {
    "id": "dcead789-0068-4504-a24b-5ab10761973a",
    "title": "Performance Test Card 307",
    "category_ids": [
      "65bf7558-a837-40d8-a39a-e1b32c82e743"
    ],
    "status": "error"
  },
  {
    "id": "7262ae77-4197-42dd-9710-c99b215134a5",
    "title": "Performance Test Card 308",
    "category_ids": [
      "eaa567f0-b407-41ae-a55c-ace5e79aa1f8"
    ],
    "status": "published"
  },
  {
    "id": "15f8b34d-163f-4e07-8c22-8d4a7d17f98b",
    "title": "Performance Test Card 309",
    "category_ids": [
      "3b78635f-55d4-49eb-8cbb-d3e99fc012ae"
    ],
    "status": "published"
  },
  {
    "id": "f687d81a-1111-4d54-ba15-d0b67fd47965",
    "title": "Performance Test Card 310",
    "category_ids": [
      "1ec1f5ae-f36f-497d-ad95-d837347f6eb6"
    ],
    "status": "archived"
  },
  {
    "id": "d559f304-b310-47df-b73a-bf0324c673e9",
    "title": "Performance Test Card 311",
    "category_ids": [
      "fc25ee8b-3086-4d4d-a0fb-144696f709d8"
    ],
    "status": "error"
  },
  {
    "id": "0bdef2d6-eda2-4537-8b3d-32ef7637dc9f",
    "title": "Performance Test Card 312",
    "category_ids": [
      "956531ad-765e-489f-b96d-ea0f55a86ab3"
    ],
    "status": "draft"
  },
  {
    "id": "ad5e3772-cec2-4fed-8c73-d5d826be0c22",
    "title": "Performance Test Card 313",
    "category_ids": [
      "d6f54a1b-f113-4af3-adc8-7646bb464324"
    ],
    "status": "draft"
  },
  {
    "id": "53853a55-c4e9-4638-a9a6-a1bbc5a44334",
    "title": "Performance Test Card 314",
    "category_ids": [
      "fc25ee8b-3086-4d4d-a0fb-144696f709d8"
    ],
    "status": "archived"
  },
  {
    "id": "2599df5e-e32c-49a8-b2dc-5067eb1e239e",
    "title": "Performance Test Card 315",
    "category_ids": [
      "956531ad-765e-489f-b96d-ea0f55a86ab3"
    ],
    "status": "published"
  },
  {
    "id": "4159d2d1-a9f4-49a5-8033-0b1d3ad60739",
    "title": "Performance Test Card 316",
    "category_ids": [
      "112a2f44-bea1-46d3-9b04-2ba0e0954a6e"
    ],
    "status": "archived"
  },
  {
    "id": "3bf45cf7-651d-435c-a29c-f6b8ade65bdc",
    "title": "Performance Test Card 317",
    "category_ids": [
      "d6f54a1b-f113-4af3-adc8-7646bb464324"
    ],
    "status": "published"
  },
  {
    "id": "9207066d-6c05-4e16-815e-f0479499664f",
    "title": "Performance Test Card 318",
    "category_ids": [
      "bd6fb8ef-1016-4d30-ab13-c272987cc8d0"
    ],
    "status": "archived"
  },
  {
    "id": "d34dd962-0d3c-4138-b264-6a6412ef6a60",
    "title": "Performance Test Card 319",
    "category_ids": [
      "d6f54a1b-f113-4af3-adc8-7646bb464324"
    ],
    "status": "archived"
  },
  {
    "id": "f0a9daf0-360e-45e0-9c6c-04ba4eeee0b8",
    "title": "Performance Test Card 320",
    "category_ids": [
      "80fb9203-a6b9-4056-93f9-55245d7183f8"
    ],
    "status": "error"
  },
  {
    "id": "dcf81636-7b95-4e80-a7fb-7ab1c31ddc5f",
    "title": "Performance Test Card 321",
    "category_ids": [
      "112a2f44-bea1-46d3-9b04-2ba0e0954a6e"
    ],
    "status": "draft"
  },
  {
    "id": "a8f70d15-abde-4e0c-b095-ecb41005b7f3",
    "title": "Performance Test Card 322",
    "category_ids": [
      "65bf7558-a837-40d8-a39a-e1b32c82e743"
    ],
    "status": "draft"
  },
  {
    "id": "d82f5083-6180-46ef-ad48-510bb05f33f6",
    "title": "Performance Test Card 323",
    "category_ids": [
      "bd6fb8ef-1016-4d30-ab13-c272987cc8d0"
    ],
    "status": "archived"
  },
  {
    "id": "10b16f7f-7658-43e9-80e4-c3cf179b1668",
    "title": "Performance Test Card 324",
    "category_ids": [
      "3b78635f-55d4-49eb-8cbb-d3e99fc012ae"
    ],
    "status": "error"
  },
  {
    "id": "c3a2bf0f-fa29-4998-8e77-329a0e5b0470",
    "title": "Performance Test Card 325",
    "category_ids": [
      "3b78635f-55d4-49eb-8cbb-d3e99fc012ae"
    ],
    "status": "archived"
  },
  {
    "id": "41d98277-5d2f-449c-9682-11bee04b200a",
    "title": "Performance Test Card 326",
    "category_ids": [
      "3b78635f-55d4-49eb-8cbb-d3e99fc012ae"
    ],
    "status": "error"
  },
  {
    "id": "9af6d4bb-f577-4ce1-841c-42894703fe37",
    "title": "Performance Test Card 327",
    "category_ids": [
      "fc25ee8b-3086-4d4d-a0fb-144696f709d8"
    ],
    "status": "published"
  },
  {
    "id": "7909abdd-248c-4f99-9f02-0f15e6607289",
    "title": "Performance Test Card 328",
    "category_ids": [
      "956531ad-765e-489f-b96d-ea0f55a86ab3"
    ],
    "status": "archived"
  },
  {
    "id": "0b45f3b4-bd21-4641-80f0-5e21a24d7973",
    "title": "Performance Test Card 329",
    "category_ids": [
      "112a2f44-bea1-46d3-9b04-2ba0e0954a6e"
    ],
    "status": "published"
  },
  {
    "id": "18d5441f-3fc4-46ad-8ae8-ae52a3fca20e",
    "title": "Performance Test Card 330",
    "category_ids": [
      "fc25ee8b-3086-4d4d-a0fb-144696f709d8"
    ],
    "status": "archived"
  },
  {
    "id": "2402f790-70e3-4942-bb53-45088d1e1891",
    "title": "Performance Test Card 331",
    "category_ids": [
      "eaa567f0-b407-41ae-a55c-ace5e79aa1f8"
    ],
    "status": "error"
  },
  {
    "id": "9cf9f81c-ad6e-4fc7-9bb7-e71d01654957",
    "title": "Performance Test Card 332",
    "category_ids": [
      "112a2f44-bea1-46d3-9b04-2ba0e0954a6e"
    ],
    "status": "draft"
  },
  {
    "id": "2481bd40-5c01-4487-a800-12ca794b898f",
    "title": "Performance Test Card 333",
    "category_ids": [
      "112a2f44-bea1-46d3-9b04-2ba0e0954a6e"
    ],
    "status": "error"
  },
  {
    "id": "aad158c1-a2be-4b8f-910c-38f55ed9b3f5",
    "title": "Performance Test Card 334",
    "category_ids": [
      "1ec1f5ae-f36f-497d-ad95-d837347f6eb6"
    ],
    "status": "published"
  },
  {
    "id": "41d3d8c5-cd01-42d5-8687-8d4b2a37ae17",
    "title": "Performance Test Card 335",
    "category_ids": [
      "bd6fb8ef-1016-4d30-ab13-c272987cc8d0"
    ],
    "status": "error"
  },
  {
    "id": "4ae10071-f481-4408-a4b6-850648f0ca7c",
    "title": "Performance Test Card 336",
    "category_ids": [
      "1ec1f5ae-f36f-497d-ad95-d837347f6eb6"
    ],
    "status": "draft"
  },
  {
    "id": "7caba0ea-235e-4bb4-a1cd-3d5005881ad6",
    "title": "Performance Test Card 337",
    "category_ids": [
      "fc25ee8b-3086-4d4d-a0fb-144696f709d8"
    ],
    "status": "published"
  },
  {
    "id": "98edc0e0-7ea7-44bb-a997-6656188e92cc",
    "title": "Performance Test Card 338",
    "category_ids": [
      "65bf7558-a837-40d8-a39a-e1b32c82e743"
    ],
    "status": "draft"
  },
  {
    "id": "82b90b34-b26d-4de7-bc49-f0c74e002439",
    "title": "Performance Test Card 339",
    "category_ids": [
      "eaa567f0-b407-41ae-a55c-ace5e79aa1f8"
    ],
    "status": "published"
  },
  {
    "id": "d8d9041b-7d91-4b23-865f-1cd23fdcde30",
    "title": "Performance Test Card 340",
    "category_ids": [
      "65bf7558-a837-40d8-a39a-e1b32c82e743"
    ],
    "status": "published"
  },
  {
    "id": "77d9f300-3e3c-4d59-976d-4ad80ef06fcc",
    "title": "Performance Test Card 341",
    "category_ids": [
      "3b78635f-55d4-49eb-8cbb-d3e99fc012ae"
    ],
    "status": "archived"
  },
  {
    "id": "cd2eeafe-2b55-433c-9980-1057336886c0",
    "title": "Performance Test Card 342",
    "category_ids": [
      "3b78635f-55d4-49eb-8cbb-d3e99fc012ae"
    ],
    "status": "error"
  },
  {
    "id": "91d58bc5-6361-4bc4-a5b8-22fb6e42281b",
    "title": "Performance Test Card 343",
    "category_ids": [
      "3b78635f-55d4-49eb-8cbb-d3e99fc012ae"
    ],
    "status": "error"
  },
  {
    "id": "6f57093c-5b64-451f-89c8-7a89c83f0ef4",
    "title": "Performance Test Card 344",
    "category_ids": [
      "d6f54a1b-f113-4af3-adc8-7646bb464324"
    ],
    "status": "archived"
  },
  {
    "id": "492ad131-d3db-40cc-bc90-7764757872d7",
    "title": "Performance Test Card 345",
    "category_ids": [
      "3b78635f-55d4-49eb-8cbb-d3e99fc012ae"
    ],
    "status": "archived"
  },
  {
    "id": "f13322bb-2509-4b35-86dc-3279c2c16035",
    "title": "Performance Test Card 346",
    "category_ids": [
      "fc25ee8b-3086-4d4d-a0fb-144696f709d8"
    ],
    "status": "published"
  },
  {
    "id": "dbd26a14-c5d6-4eaa-bea7-d0a3a802941c",
    "title": "Performance Test Card 347",
    "category_ids": [
      "d6f54a1b-f113-4af3-adc8-7646bb464324"
    ],
    "status": "published"
  },
  {
    "id": "54b5ed7f-d82d-4470-9669-598ec7dbfcdd",
    "title": "Performance Test Card 348",
    "category_ids": [
      "d6f54a1b-f113-4af3-adc8-7646bb464324"
    ],
    "status": "error"
  },
  {
    "id": "c1ed294e-631d-4903-a135-80cab93bd1cd",
    "title": "Performance Test Card 349",
    "category_ids": [
      "65bf7558-a837-40d8-a39a-e1b32c82e743"
    ],
    "status": "published"
  },
  {
    "id": "b9bb8767-2e14-4461-bf41-969fe92d9793",
    "title": "Performance Test Card 350",
    "category_ids": [
      "eaa567f0-b407-41ae-a55c-ace5e79aa1f8"
    ],
    "status": "draft"
  },
  {
    "id": "db9679a4-f29c-4613-aade-07386a6d4e6e",
    "title": "Performance Test Card 351",
    "category_ids": [
      "80fb9203-a6b9-4056-93f9-55245d7183f8"
    ],
    "status": "draft"
  },
  {
    "id": "16b2539a-d6dd-4d25-8e2e-a9bcdcb02db0",
    "title": "Performance Test Card 352",
    "category_ids": [
      "bd6fb8ef-1016-4d30-ab13-c272987cc8d0"
    ],
    "status": "published"
  },
  {
    "id": "6780174e-ba51-4154-baba-5529af186be6",
    "title": "Performance Test Card 353",
    "category_ids": [
      "eaa567f0-b407-41ae-a55c-ace5e79aa1f8"
    ],
    "status": "error"
  },
  {
    "id": "5fe19c56-69b5-4109-a560-aea324dad5fc",
    "title": "Performance Test Card 354",
    "category_ids": [
      "65bf7558-a837-40d8-a39a-e1b32c82e743"
    ],
    "status": "error"
  },
  {
    "id": "74c88985-1b89-4a1b-baa6-e49587932fa3",
    "title": "Performance Test Card 355",
    "category_ids": [
      "eaa567f0-b407-41ae-a55c-ace5e79aa1f8"
    ],
    "status": "draft"
  },
  {
    "id": "b0325118-cc5b-47ce-9496-e907edf46342",
    "title": "Performance Test Card 356",
    "category_ids": [
      "d6f54a1b-f113-4af3-adc8-7646bb464324"
    ],
    "status": "archived"
  },
  {
    "id": "a385f321-39b2-43f0-8fd7-c69569625e3a",
    "title": "Performance Test Card 357",
    "category_ids": [
      "65bf7558-a837-40d8-a39a-e1b32c82e743"
    ],
    "status": "draft"
  },
  {
    "id": "e0fd8ea4-d97d-4b3f-a51d-ee0ea0095c71",
    "title": "Performance Test Card 358",
    "category_ids": [
      "3b78635f-55d4-49eb-8cbb-d3e99fc012ae"
    ],
    "status": "draft"
  },
  {
    "id": "de7aef34-cdd4-4999-b8ae-0ed169617c6c",
    "title": "Performance Test Card 359",
    "category_ids": [
      "65bf7558-a837-40d8-a39a-e1b32c82e743"
    ],
    "status": "error"
  },
  {
    "id": "1b63c7ad-9999-4a40-857e-f1cb3a3f71b5",
    "title": "Performance Test Card 360",
    "category_ids": [
      "d6f54a1b-f113-4af3-adc8-7646bb464324"
    ],
    "status": "error"
  },
  {
    "id": "e38d77a6-082c-45e0-969f-a35cfb119ad8",
    "title": "Performance Test Card 361",
    "category_ids": [
      "bd6fb8ef-1016-4d30-ab13-c272987cc8d0"
    ],
    "status": "archived"
  },
  {
    "id": "3b7ff962-15d9-4121-8df7-89fd3877fc97",
    "title": "Performance Test Card 362",
    "category_ids": [
      "1ec1f5ae-f36f-497d-ad95-d837347f6eb6"
    ],
    "status": "draft"
  },
  {
    "id": "6bfe2c48-d7cf-4e67-8b23-64a9068bc17b",
    "title": "Performance Test Card 363",
    "category_ids": [
      "3b78635f-55d4-49eb-8cbb-d3e99fc012ae"
    ],
    "status": "published"
  },
  {
    "id": "0f5ca8ca-6d76-46e9-b283-211ca396dd4e",
    "title": "Performance Test Card 364",
    "category_ids": [
      "80fb9203-a6b9-4056-93f9-55245d7183f8"
    ],
    "status": "archived"
  },
  {
    "id": "02b10b9f-5ba2-45ef-aad5-48618f87bfc0",
    "title": "Performance Test Card 365",
    "category_ids": [
      "112a2f44-bea1-46d3-9b04-2ba0e0954a6e"
    ],
    "status": "published"
  },
  {
    "id": "1192588e-48cd-4fb0-ba39-0aafd2b63aeb",
    "title": "Performance Test Card 366",
    "category_ids": [
      "3b78635f-55d4-49eb-8cbb-d3e99fc012ae"
    ],
    "status": "published"
  },
  {
    "id": "9507b67c-62f8-40a3-a25a-9b2299e91918",
    "title": "Performance Test Card 367",
    "category_ids": [
      "fc25ee8b-3086-4d4d-a0fb-144696f709d8"
    ],
    "status": "error"
  },
  {
    "id": "d8c35019-b237-4265-9c0a-5811ec0e4a66",
    "title": "Performance Test Card 368",
    "category_ids": [
      "80fb9203-a6b9-4056-93f9-55245d7183f8"
    ],
    "status": "draft"
  },
  {
    "id": "83b01717-c84f-4059-8030-03a9033ea4f7",
    "title": "Performance Test Card 369",
    "category_ids": [
      "bd6fb8ef-1016-4d30-ab13-c272987cc8d0"
    ],
    "status": "draft"
  },
  {
    "id": "681dc664-a2e1-4cea-8cf2-d5fbc984ac53",
    "title": "Performance Test Card 370",
    "category_ids": [
      "1ec1f5ae-f36f-497d-ad95-d837347f6eb6"
    ],
    "status": "published"
  },
  {
    "id": "5838bd0d-5992-4351-baf1-a5dfef32073a",
    "title": "Performance Test Card 371",
    "category_ids": [
      "3b78635f-55d4-49eb-8cbb-d3e99fc012ae"
    ],
    "status": "draft"
  },
  {
    "id": "dbba2141-0221-4267-86f2-fcd67508116c",
    "title": "Performance Test Card 372",
    "category_ids": [
      "eaa567f0-b407-41ae-a55c-ace5e79aa1f8"
    ],
    "status": "published"
  },
  {
    "id": "475a124d-562f-42be-951f-283acc6c2119",
    "title": "Performance Test Card 373",
    "category_ids": [
      "d6f54a1b-f113-4af3-adc8-7646bb464324"
    ],
    "status": "archived"
  },
  {
    "id": "c8b25a21-414b-40b0-9a32-37fcb0dae6f4",
    "title": "Performance Test Card 374",
    "category_ids": [
      "bd6fb8ef-1016-4d30-ab13-c272987cc8d0"
    ],
    "status": "published"
  },
  {
    "id": "a74af334-b0c0-4ade-b4f8-4907e0bcd6e8",
    "title": "Performance Test Card 375",
    "category_ids": [
      "fc25ee8b-3086-4d4d-a0fb-144696f709d8"
    ],
    "status": "error"
  },
  {
    "id": "5ace5451-d4b4-4204-91f8-50dd46b3e7a4",
    "title": "Performance Test Card 376",
    "category_ids": [
      "d6f54a1b-f113-4af3-adc8-7646bb464324"
    ],
    "status": "error"
  },
  {
    "id": "4e98e8b2-b95f-420c-9281-20e0fdbfd10f",
    "title": "Performance Test Card 377",
    "category_ids": [
      "bd6fb8ef-1016-4d30-ab13-c272987cc8d0"
    ],
    "status": "error"
  },
  {
    "id": "14764d1b-4745-4d8b-9553-c55de8996888",
    "title": "Performance Test Card 378",
    "category_ids": [
      "d6f54a1b-f113-4af3-adc8-7646bb464324"
    ],
    "status": "archived"
  },
  {
    "id": "058f8898-e0c9-40ea-91a4-806881b4837b",
    "title": "Performance Test Card 379",
    "category_ids": [
      "1ec1f5ae-f36f-497d-ad95-d837347f6eb6"
    ],
    "status": "archived"
  },
  {
    "id": "0618fdda-da11-4440-a21d-e2e4423f19ac",
    "title": "Performance Test Card 380",
    "category_ids": [
      "80fb9203-a6b9-4056-93f9-55245d7183f8"
    ],
    "status": "error"
  },
  {
    "id": "4194958a-ef11-4dfb-bc01-ced9b26484d4",
    "title": "Performance Test Card 381",
    "category_ids": [
      "fc25ee8b-3086-4d4d-a0fb-144696f709d8"
    ],
    "status": "error"
  },
  {
    "id": "9822e8d9-5a09-4038-af90-0190928bc99c",
    "title": "Performance Test Card 382",
    "category_ids": [
      "80fb9203-a6b9-4056-93f9-55245d7183f8"
    ],
    "status": "error"
  },
  {
    "id": "8743f2ba-c010-419b-be56-dffa46140ef0",
    "title": "Performance Test Card 383",
    "category_ids": [
      "80fb9203-a6b9-4056-93f9-55245d7183f8"
    ],
    "status": "error"
  },
  {
    "id": "929b7a82-164c-4e45-bbd6-7bdaacf018cd",
    "title": "Performance Test Card 384",
    "category_ids": [
      "112a2f44-bea1-46d3-9b04-2ba0e0954a6e"
    ],
    "status": "error"
  },
  {
    "id": "38ebcf3e-9301-4d15-a88e-0a72c83380e0",
    "title": "Performance Test Card 385",
    "category_ids": [
      "bd6fb8ef-1016-4d30-ab13-c272987cc8d0"
    ],
    "status": "error"
  },
  {
    "id": "b4aa13b0-9df0-486b-9bef-61b104fb9eec",
    "title": "Performance Test Card 386",
    "category_ids": [
      "112a2f44-bea1-46d3-9b04-2ba0e0954a6e"
    ],
    "status": "draft"
  },
  {
    "id": "58d06d3b-7fc2-4735-9cfa-9fb5bd2b3a82",
    "title": "Performance Test Card 387",
    "category_ids": [
      "eaa567f0-b407-41ae-a55c-ace5e79aa1f8"
    ],
    "status": "draft"
  },
  {
    "id": "d448bc4b-3425-4e0f-8d6e-1eea56097adb",
    "title": "Performance Test Card 388",
    "category_ids": [
      "956531ad-765e-489f-b96d-ea0f55a86ab3"
    ],
    "status": "draft"
  },
  {
    "id": "390f28f3-4528-4ef1-ab61-de002dac4e96",
    "title": "Performance Test Card 389",
    "category_ids": [
      "fc25ee8b-3086-4d4d-a0fb-144696f709d8"
    ],
    "status": "archived"
  },
  {
    "id": "333c65a3-a504-4e04-8a37-bbb34f6d9614",
    "title": "Performance Test Card 390",
    "category_ids": [
      "d6f54a1b-f113-4af3-adc8-7646bb464324"
    ],
    "status": "draft"
  },
  {
    "id": "ee6fdc3f-2308-4432-bb01-cfea03045794",
    "title": "Performance Test Card 391",
    "category_ids": [
      "112a2f44-bea1-46d3-9b04-2ba0e0954a6e"
    ],
    "status": "published"
  },
  {
    "id": "3aaa1e99-9dcf-412a-b437-615a798497d2",
    "title": "Performance Test Card 392",
    "category_ids": [
      "eaa567f0-b407-41ae-a55c-ace5e79aa1f8"
    ],
    "status": "archived"
  },
  {
    "id": "6ea9f564-3ae1-4cdf-8cb1-07a026bb8f98",
    "title": "Performance Test Card 393",
    "category_ids": [
      "d6f54a1b-f113-4af3-adc8-7646bb464324"
    ],
    "status": "error"
  },
  {
    "id": "aedcc0d1-7814-497b-b892-b933c72282c3",
    "title": "Performance Test Card 394",
    "category_ids": [
      "956531ad-765e-489f-b96d-ea0f55a86ab3"
    ],
    "status": "draft"
  },
  {
    "id": "a262074f-bd2b-4b29-9c64-c52f23581c94",
    "title": "Performance Test Card 395",
    "category_ids": [
      "3b78635f-55d4-49eb-8cbb-d3e99fc012ae"
    ],
    "status": "archived"
  },
  {
    "id": "ef05c0a1-1e6d-455d-8748-0417e321f522",
    "title": "Performance Test Card 396",
    "category_ids": [
      "3b78635f-55d4-49eb-8cbb-d3e99fc012ae"
    ],
    "status": "error"
  },
  {
    "id": "041888a9-9b28-4e07-8516-001c67acbf3c",
    "title": "Performance Test Card 397",
    "category_ids": [
      "112a2f44-bea1-46d3-9b04-2ba0e0954a6e"
    ],
    "status": "published"
  },
  {
    "id": "69bd2af6-e2f0-4e66-91c5-9aeb8dd1d57f",
    "title": "Performance Test Card 398",
    "category_ids": [
      "fc25ee8b-3086-4d4d-a0fb-144696f709d8"
    ],
    "status": "draft"
  },
  {
    "id": "245d0bae-6911-4bac-bdc5-0dc451b1951a",
    "title": "Performance Test Card 399",
    "category_ids": [
      "112a2f44-bea1-46d3-9b04-2ba0e0954a6e"
    ],
    "status": "error"
  },
  {
    "id": "67ec4002-a365-4217-a519-584dfbad46ff",
    "title": "Performance Test Card 400",
    "category_ids": [
      "112a2f44-bea1-46d3-9b04-2ba0e0954a6e"
    ],
    "status": "draft"
  },
  {
    "id": "62e754b4-bf49-48b4-b53b-12c233cb6a70",
    "title": "Performance Test Card 401",
    "category_ids": [
      "80fb9203-a6b9-4056-93f9-55245d7183f8"
    ],
    "status": "draft"
  },
  {
    "id": "fe2bb67d-846b-4e69-bcf0-11aabc2264e8",
    "title": "Performance Test Card 402",
    "category_ids": [
      "112a2f44-bea1-46d3-9b04-2ba0e0954a6e"
    ],
    "status": "draft"
  },
  {
    "id": "be126e1e-aa6e-4a1f-8768-b5c28f784d73",
    "title": "Performance Test Card 403",
    "category_ids": [
      "956531ad-765e-489f-b96d-ea0f55a86ab3"
    ],
    "status": "archived"
  },
  {
    "id": "553d04ff-21fe-48a4-876d-cb0bf06172a3",
    "title": "Performance Test Card 404",
    "category_ids": [
      "eaa567f0-b407-41ae-a55c-ace5e79aa1f8"
    ],
    "status": "draft"
  },
  {
    "id": "009b3d95-6797-49af-84eb-11069c62b93a",
    "title": "Performance Test Card 405",
    "category_ids": [
      "65bf7558-a837-40d8-a39a-e1b32c82e743"
    ],
    "status": "error"
  },
  {
    "id": "218a71f5-b9ce-4bed-9ecf-a03b5cd7e1f9",
    "title": "Performance Test Card 406",
    "category_ids": [
      "bd6fb8ef-1016-4d30-ab13-c272987cc8d0"
    ],
    "status": "draft"
  },
  {
    "id": "1722ffe8-00f4-44b9-9ce5-720919a12740",
    "title": "Performance Test Card 407",
    "category_ids": [
      "fc25ee8b-3086-4d4d-a0fb-144696f709d8"
    ],
    "status": "published"
  },
  {
    "id": "edb87dac-65b2-478e-b3d7-fff87b9a2807",
    "title": "Performance Test Card 408",
    "category_ids": [
      "65bf7558-a837-40d8-a39a-e1b32c82e743"
    ],
    "status": "error"
  },
  {
    "id": "9f9801d2-750d-4bf4-bcab-97ea72201954",
    "title": "Performance Test Card 409",
    "category_ids": [
      "65bf7558-a837-40d8-a39a-e1b32c82e743"
    ],
    "status": "archived"
  },
  {
    "id": "a51c6118-9078-48b8-aad3-823da5959052",
    "title": "Performance Test Card 410",
    "category_ids": [
      "65bf7558-a837-40d8-a39a-e1b32c82e743"
    ],
    "status": "error"
  },
  {
    "id": "1c79a83b-1f0c-448e-8248-324ab595ff22",
    "title": "Performance Test Card 411",
    "category_ids": [
      "112a2f44-bea1-46d3-9b04-2ba0e0954a6e"
    ],
    "status": "archived"
  },
  {
    "id": "1460b1e7-030b-47cf-b0d1-fe0e0a63d2da",
    "title": "Performance Test Card 412",
    "category_ids": [
      "fc25ee8b-3086-4d4d-a0fb-144696f709d8"
    ],
    "status": "published"
  },
  {
    "id": "5703ef56-a626-4657-a6f2-efdccc2fc7e8",
    "title": "Performance Test Card 413",
    "category_ids": [
      "956531ad-765e-489f-b96d-ea0f55a86ab3"
    ],
    "status": "error"
  },
  {
    "id": "20be9d71-57f2-48cc-9f39-2592c7d03b3d",
    "title": "Performance Test Card 414",
    "category_ids": [
      "112a2f44-bea1-46d3-9b04-2ba0e0954a6e"
    ],
    "status": "archived"
  },
  {
    "id": "bff3d750-d983-4518-b32e-6dbd224e67b2",
    "title": "Performance Test Card 415",
    "category_ids": [
      "3b78635f-55d4-49eb-8cbb-d3e99fc012ae"
    ],
    "status": "archived"
  },
  {
    "id": "1fb70ccf-6a67-4ef5-82e1-e7142875a32c",
    "title": "Performance Test Card 416",
    "category_ids": [
      "956531ad-765e-489f-b96d-ea0f55a86ab3"
    ],
    "status": "draft"
  },
  {
    "id": "dafd91f6-dcb5-4cf0-99fd-2bd0b18c3a77",
    "title": "Performance Test Card 417",
    "category_ids": [
      "bd6fb8ef-1016-4d30-ab13-c272987cc8d0"
    ],
    "status": "error"
  },
  {
    "id": "37940d63-d67d-436d-a224-edd059c62c0c",
    "title": "Performance Test Card 418",
    "category_ids": [
      "956531ad-765e-489f-b96d-ea0f55a86ab3"
    ],
    "status": "draft"
  },
  {
    "id": "f05e83aa-111e-4361-8009-fad0b69138b7",
    "title": "Performance Test Card 419",
    "category_ids": [
      "956531ad-765e-489f-b96d-ea0f55a86ab3"
    ],
    "status": "error"
  },
  {
    "id": "dfff71f2-f00a-4139-8cc8-3f59007a1ce2",
    "title": "Performance Test Card 420",
    "category_ids": [
      "80fb9203-a6b9-4056-93f9-55245d7183f8"
    ],
    "status": "archived"
  },
  {
    "id": "c95eefbf-3bf6-4800-bac1-7a8b26324e7b",
    "title": "Performance Test Card 421",
    "category_ids": [
      "1ec1f5ae-f36f-497d-ad95-d837347f6eb6"
    ],
    "status": "archived"
  },
  {
    "id": "3763452c-f9f0-4070-a425-b877f59fc33a",
    "title": "Performance Test Card 422",
    "category_ids": [
      "d6f54a1b-f113-4af3-adc8-7646bb464324"
    ],
    "status": "draft"
  },
  {
    "id": "428a2d87-22c0-4a35-8c52-bda4cd525490",
    "title": "Performance Test Card 423",
    "category_ids": [
      "eaa567f0-b407-41ae-a55c-ace5e79aa1f8"
    ],
    "status": "archived"
  },
  {
    "id": "3b708309-096e-4eaa-857f-2fb3df284aa4",
    "title": "Performance Test Card 424",
    "category_ids": [
      "112a2f44-bea1-46d3-9b04-2ba0e0954a6e"
    ],
    "status": "published"
  },
  {
    "id": "b0af0cad-ea36-4f88-98ed-7dae1c5bdd12",
    "title": "Performance Test Card 425",
    "category_ids": [
      "65bf7558-a837-40d8-a39a-e1b32c82e743"
    ],
    "status": "published"
  },
  {
    "id": "df78e53a-db61-456d-8a9b-9f4b8f68c5e0",
    "title": "Performance Test Card 426",
    "category_ids": [
      "bd6fb8ef-1016-4d30-ab13-c272987cc8d0"
    ],
    "status": "archived"
  },
  {
    "id": "0db144a4-f150-46ad-8ef8-054e01160773",
    "title": "Performance Test Card 427",
    "category_ids": [
      "fc25ee8b-3086-4d4d-a0fb-144696f709d8"
    ],
    "status": "archived"
  },
  {
    "id": "61f47469-41a8-4d45-81f1-aab886ffd1a6",
    "title": "Performance Test Card 428",
    "category_ids": [
      "80fb9203-a6b9-4056-93f9-55245d7183f8"
    ],
    "status": "error"
  },
  {
    "id": "4bfbe6c3-e30f-4624-adcc-15d8c2991ecd",
    "title": "Performance Test Card 429",
    "category_ids": [
      "112a2f44-bea1-46d3-9b04-2ba0e0954a6e"
    ],
    "status": "published"
  },
  {
    "id": "0791744a-e88a-4554-9266-458bbcb8ff42",
    "title": "Performance Test Card 430",
    "category_ids": [
      "80fb9203-a6b9-4056-93f9-55245d7183f8"
    ],
    "status": "error"
  },
  {
    "id": "eed6ff09-1ce4-46f6-9f38-c0f4feb8e97e",
    "title": "Performance Test Card 431",
    "category_ids": [
      "d6f54a1b-f113-4af3-adc8-7646bb464324"
    ],
    "status": "archived"
  },
  {
    "id": "0f652b6a-a022-4713-9003-e4704f6bc19b",
    "title": "Performance Test Card 432",
    "category_ids": [
      "80fb9203-a6b9-4056-93f9-55245d7183f8"
    ],
    "status": "archived"
  },
  {
    "id": "df8411c2-ccb1-4395-b7ad-5b7b5e73d0fc",
    "title": "Performance Test Card 433",
    "category_ids": [
      "bd6fb8ef-1016-4d30-ab13-c272987cc8d0"
    ],
    "status": "archived"
  },
  {
    "id": "754803bc-da0a-4c73-b3ea-b84ee97b29d7",
    "title": "Performance Test Card 434",
    "category_ids": [
      "eaa567f0-b407-41ae-a55c-ace5e79aa1f8"
    ],
    "status": "archived"
  },
  {
    "id": "2dd65d6e-e38d-4c6f-8f93-951cc824a634",
    "title": "Performance Test Card 435",
    "category_ids": [
      "fc25ee8b-3086-4d4d-a0fb-144696f709d8"
    ],
    "status": "error"
  },
  {
    "id": "4ddf4aa8-d13f-4c69-b5c9-9dd3b77fd83a",
    "title": "Performance Test Card 436",
    "category_ids": [
      "eaa567f0-b407-41ae-a55c-ace5e79aa1f8"
    ],
    "status": "error"
  },
  {
    "id": "f55a6c0a-46cc-4c20-a05d-62d96c29f2f2",
    "title": "Performance Test Card 437",
    "category_ids": [
      "d6f54a1b-f113-4af3-adc8-7646bb464324"
    ],
    "status": "archived"
  },
  {
    "id": "5731fa04-3c9a-46bb-95bb-1d2de8def364",
    "title": "Performance Test Card 438",
    "category_ids": [
      "956531ad-765e-489f-b96d-ea0f55a86ab3"
    ],
    "status": "archived"
  },
  {
    "id": "11afcc1e-05c8-4a9e-8c62-229ff625954d",
    "title": "Performance Test Card 439",
    "category_ids": [
      "eaa567f0-b407-41ae-a55c-ace5e79aa1f8"
    ],
    "status": "error"
  },
  {
    "id": "ac242d4e-48ab-4f5b-8860-63d8f6e152a2",
    "title": "Performance Test Card 440",
    "category_ids": [
      "80fb9203-a6b9-4056-93f9-55245d7183f8"
    ],
    "status": "archived"
  },
  {
    "id": "bf25306a-7871-4db3-9c0f-ab4cea2da292",
    "title": "Performance Test Card 441",
    "category_ids": [
      "d6f54a1b-f113-4af3-adc8-7646bb464324"
    ],
    "status": "draft"
  },
  {
    "id": "20571ef4-b889-4ebc-a58a-416d869da974",
    "title": "Performance Test Card 442",
    "category_ids": [
      "bd6fb8ef-1016-4d30-ab13-c272987cc8d0"
    ],
    "status": "error"
  },
  {
    "id": "725151a7-63f2-4722-886d-0350a498c6cf",
    "title": "Performance Test Card 443",
    "category_ids": [
      "1ec1f5ae-f36f-497d-ad95-d837347f6eb6"
    ],
    "status": "draft"
  },
  {
    "id": "ce7b69d7-9a66-44cd-be81-5b004c919069",
    "title": "Performance Test Card 444",
    "category_ids": [
      "fc25ee8b-3086-4d4d-a0fb-144696f709d8"
    ],
    "status": "draft"
  },
  {
    "id": "55e724d5-f6b5-47c0-983e-ca88103ad9d6",
    "title": "Performance Test Card 445",
    "category_ids": [
      "80fb9203-a6b9-4056-93f9-55245d7183f8"
    ],
    "status": "published"
  },
  {
    "id": "a4e5e9fe-7920-46e1-8a80-0d99e22c1135",
    "title": "Performance Test Card 446",
    "category_ids": [
      "80fb9203-a6b9-4056-93f9-55245d7183f8"
    ],
    "status": "draft"
  },
  {
    "id": "0572a07d-def6-4755-8337-1b80e102ff9a",
    "title": "Performance Test Card 447",
    "category_ids": [
      "bd6fb8ef-1016-4d30-ab13-c272987cc8d0"
    ],
    "status": "error"
  },
  {
    "id": "8db725ad-e114-4a3a-a4f6-bc85cf89d1c6",
    "title": "Performance Test Card 448",
    "category_ids": [
      "d6f54a1b-f113-4af3-adc8-7646bb464324"
    ],
    "status": "archived"
  },
  {
    "id": "6bc55446-dc14-476d-ad96-84646e609ab4",
    "title": "Performance Test Card 449",
    "category_ids": [
      "3b78635f-55d4-49eb-8cbb-d3e99fc012ae"
    ],
    "status": "archived"
  },
  {
    "id": "b2426d3a-669c-4ff3-a07b-5da6c77b8600",
    "title": "Performance Test Card 450",
    "category_ids": [
      "eaa567f0-b407-41ae-a55c-ace5e79aa1f8"
    ],
    "status": "published"
  },
  {
    "id": "a0ee72ac-a29f-4916-8582-ea934922ff26",
    "title": "Performance Test Card 451",
    "category_ids": [
      "fc25ee8b-3086-4d4d-a0fb-144696f709d8"
    ],
    "status": "archived"
  },
  {
    "id": "839b8f30-c76d-4707-b001-9a458eb45900",
    "title": "Performance Test Card 452",
    "category_ids": [
      "eaa567f0-b407-41ae-a55c-ace5e79aa1f8"
    ],
    "status": "draft"
  },
  {
    "id": "c7bdbf51-11b9-454c-bb92-991930b57daf",
    "title": "Performance Test Card 453",
    "category_ids": [
      "65bf7558-a837-40d8-a39a-e1b32c82e743"
    ],
    "status": "draft"
  },
  {
    "id": "eca9ca32-bd52-430f-be47-c03c023c91db",
    "title": "Performance Test Card 454",
    "category_ids": [
      "65bf7558-a837-40d8-a39a-e1b32c82e743"
    ],
    "status": "draft"
  },
  {
    "id": "cfd94d85-8c4b-4728-83fc-1950a43abe0c",
    "title": "Performance Test Card 455",
    "category_ids": [
      "112a2f44-bea1-46d3-9b04-2ba0e0954a6e"
    ],
    "status": "archived"
  },
  {
    "id": "5f52c9aa-4659-46fa-9ce2-8b0210a98266",
    "title": "Performance Test Card 456",
    "category_ids": [
      "80fb9203-a6b9-4056-93f9-55245d7183f8"
    ],
    "status": "error"
  },
  {
    "id": "ba436a6f-ac67-4d3a-83c8-19dccbfcdff4",
    "title": "Performance Test Card 457",
    "category_ids": [
      "112a2f44-bea1-46d3-9b04-2ba0e0954a6e"
    ],
    "status": "error"
  },
  {
    "id": "fbdb7d20-1894-439f-8a70-148080f7902a",
    "title": "Performance Test Card 458",
    "category_ids": [
      "956531ad-765e-489f-b96d-ea0f55a86ab3"
    ],
    "status": "published"
  },
  {
    "id": "d6363c75-e863-4630-a841-17802882d15f",
    "title": "Performance Test Card 459",
    "category_ids": [
      "eaa567f0-b407-41ae-a55c-ace5e79aa1f8"
    ],
    "status": "archived"
  },
  {
    "id": "70c3cc0c-0d58-46df-83ac-0399cadf8ecf",
    "title": "Performance Test Card 460",
    "category_ids": [
      "fc25ee8b-3086-4d4d-a0fb-144696f709d8"
    ],
    "status": "error"
  },
  {
    "id": "2dffd15a-0669-40be-b5c3-cc13a6b886c6",
    "title": "Performance Test Card 461",
    "category_ids": [
      "d6f54a1b-f113-4af3-adc8-7646bb464324"
    ],
    "status": "draft"
  },
  {
    "id": "a740a169-382e-4ff7-8286-19f60e1effc1",
    "title": "Performance Test Card 462",
    "category_ids": [
      "112a2f44-bea1-46d3-9b04-2ba0e0954a6e"
    ],
    "status": "draft"
  },
  {
    "id": "de427025-6491-43cb-a1fe-e39da7bf388e",
    "title": "Performance Test Card 463",
    "category_ids": [
      "d6f54a1b-f113-4af3-adc8-7646bb464324"
    ],
    "status": "archived"
  },
  {
    "id": "afb1fe89-78a2-4fd2-b4d5-b9b18a199cf6",
    "title": "Performance Test Card 464",
    "category_ids": [
      "956531ad-765e-489f-b96d-ea0f55a86ab3"
    ],
    "status": "draft"
  },
  {
    "id": "c328577a-c0aa-42bf-91ab-9cb77d42bd5b",
    "title": "Performance Test Card 465",
    "category_ids": [
      "1ec1f5ae-f36f-497d-ad95-d837347f6eb6"
    ],
    "status": "draft"
  },
  {
    "id": "7261b765-27de-47ae-ae35-b97ff0181266",
    "title": "Performance Test Card 466",
    "category_ids": [
      "80fb9203-a6b9-4056-93f9-55245d7183f8"
    ],
    "status": "published"
  },
  {
    "id": "5ab0dcd5-a0e3-4f33-a1dc-cdbaed27ac47",
    "title": "Performance Test Card 467",
    "category_ids": [
      "eaa567f0-b407-41ae-a55c-ace5e79aa1f8"
    ],
    "status": "archived"
  },
  {
    "id": "cffe9593-c17a-45dc-b1ec-48995665881a",
    "title": "Performance Test Card 468",
    "category_ids": [
      "112a2f44-bea1-46d3-9b04-2ba0e0954a6e"
    ],
    "status": "draft"
  },
  {
    "id": "1f4ae1e9-7402-41d4-bce2-332a77aa0bb9",
    "title": "Performance Test Card 469",
    "category_ids": [
      "80fb9203-a6b9-4056-93f9-55245d7183f8"
    ],
    "status": "draft"
  },
  {
    "id": "e7727ad9-a1f0-447b-b6be-c11303753f39",
    "title": "Performance Test Card 470",
    "category_ids": [
      "bd6fb8ef-1016-4d30-ab13-c272987cc8d0"
    ],
    "status": "draft"
  },
  {
    "id": "578133da-43a9-4d89-a996-94b94bd81a2f",
    "title": "Performance Test Card 471",
    "category_ids": [
      "1ec1f5ae-f36f-497d-ad95-d837347f6eb6"
    ],
    "status": "published"
  },
  {
    "id": "d2a6584b-04ae-42eb-acc8-f39dc212b463",
    "title": "Performance Test Card 472",
    "category_ids": [
      "fc25ee8b-3086-4d4d-a0fb-144696f709d8"
    ],
    "status": "error"
  },
  {
    "id": "56b440ca-38ed-4509-8619-ad35741476af",
    "title": "Performance Test Card 473",
    "category_ids": [
      "d6f54a1b-f113-4af3-adc8-7646bb464324"
    ],
    "status": "archived"
  },
  {
    "id": "6f32a6db-7a4a-4789-a0d2-1ae75938c7c0",
    "title": "Performance Test Card 474",
    "category_ids": [
      "bd6fb8ef-1016-4d30-ab13-c272987cc8d0"
    ],
    "status": "draft"
  },
  {
    "id": "49b4d93a-4051-43c4-a03d-68c1957e9e68",
    "title": "Performance Test Card 475",
    "category_ids": [
      "fc25ee8b-3086-4d4d-a0fb-144696f709d8"
    ],
    "status": "draft"
  },
  {
    "id": "7613f96b-6708-459a-8143-d72352381fd5",
    "title": "Performance Test Card 476",
    "category_ids": [
      "956531ad-765e-489f-b96d-ea0f55a86ab3"
    ],
    "status": "archived"
  },
  {
    "id": "cd1252ca-fefb-4a13-ae95-dfb4fcb09f4d",
    "title": "Performance Test Card 477",
    "category_ids": [
      "3b78635f-55d4-49eb-8cbb-d3e99fc012ae"
    ],
    "status": "error"
  },
  {
    "id": "2ac2cc1b-3a16-4fce-8a0b-0e1bfc4af677",
    "title": "Performance Test Card 478",
    "category_ids": [
      "fc25ee8b-3086-4d4d-a0fb-144696f709d8"
    ],
    "status": "published"
  },
  {
    "id": "3c1b16b7-95a4-4c34-9f09-4d327a13fc41",
    "title": "Performance Test Card 479",
    "category_ids": [
      "112a2f44-bea1-46d3-9b04-2ba0e0954a6e"
    ],
    "status": "draft"
  },
  {
    "id": "d3c822f7-a972-4ab1-a8b9-89159596a010",
    "title": "Performance Test Card 480",
    "category_ids": [
      "65bf7558-a837-40d8-a39a-e1b32c82e743"
    ],
    "status": "published"
  },
  {
    "id": "3b107e4b-e9c6-4815-821e-9647c33797e1",
    "title": "Performance Test Card 481",
    "category_ids": [
      "80fb9203-a6b9-4056-93f9-55245d7183f8"
    ],
    "status": "published"
  },
  {
    "id": "c14634d5-baa4-488d-a8f1-5743a56f94c4",
    "title": "Performance Test Card 482",
    "category_ids": [
      "bd6fb8ef-1016-4d30-ab13-c272987cc8d0"
    ],
    "status": "draft"
  },
  {
    "id": "57d8c691-484a-427c-bce3-4011db14276b",
    "title": "Performance Test Card 483",
    "category_ids": [
      "112a2f44-bea1-46d3-9b04-2ba0e0954a6e"
    ],
    "status": "published"
  },
  {
    "id": "1bb6d8b1-584b-429f-8907-9ceaa3fc2a1c",
    "title": "Performance Test Card 484",
    "category_ids": [
      "3b78635f-55d4-49eb-8cbb-d3e99fc012ae"
    ],
    "status": "error"
  },
  {
    "id": "969707b4-34d7-4886-a877-28c56b5e7c85",
    "title": "Performance Test Card 485",
    "category_ids": [
      "1ec1f5ae-f36f-497d-ad95-d837347f6eb6"
    ],
    "status": "archived"
  },
  {
    "id": "cc16ace5-7c76-4b6f-983c-e72368dec711",
    "title": "Performance Test Card 486",
    "category_ids": [
      "fc25ee8b-3086-4d4d-a0fb-144696f709d8"
    ],
    "status": "draft"
  },
  {
    "id": "62faeba6-4f48-42d8-a364-a0ab6697be7f",
    "title": "Performance Test Card 487",
    "category_ids": [
      "1ec1f5ae-f36f-497d-ad95-d837347f6eb6"
    ],
    "status": "draft"
  },
  {
    "id": "3675b17c-0158-4492-800c-9d4d975a5608",
    "title": "Performance Test Card 488",
    "category_ids": [
      "d6f54a1b-f113-4af3-adc8-7646bb464324"
    ],
    "status": "draft"
  },
  {
    "id": "c56a10ba-e297-4364-8e35-5339c3a9fad5",
    "title": "Performance Test Card 489",
    "category_ids": [
      "112a2f44-bea1-46d3-9b04-2ba0e0954a6e"
    ],
    "status": "published"
  },
  {
    "id": "9551fe37-f261-4a7f-8743-e64222429a72",
    "title": "Performance Test Card 490",
    "category_ids": [
      "65bf7558-a837-40d8-a39a-e1b32c82e743"
    ],
    "status": "error"
  },
  {
    "id": "b6d7bca3-5009-4815-a5b2-4d5566e2d736",
    "title": "Performance Test Card 491",
    "category_ids": [
      "fc25ee8b-3086-4d4d-a0fb-144696f709d8"
    ],
    "status": "published"
  },
  {
    "id": "37a35d25-06a8-4651-8413-eb1b961e11a1",
    "title": "Performance Test Card 492",
    "category_ids": [
      "eaa567f0-b407-41ae-a55c-ace5e79aa1f8"
    ],
    "status": "draft"
  },
  {
    "id": "7f4d3533-2ffb-411e-ac74-a857e38b309c",
    "title": "Performance Test Card 493",
    "category_ids": [
      "fc25ee8b-3086-4d4d-a0fb-144696f709d8"
    ],
    "status": "error"
  },
  {
    "id": "770b7888-74be-4973-b19c-4bfa38416a7b",
    "title": "Performance Test Card 494",
    "category_ids": [
      "112a2f44-bea1-46d3-9b04-2ba0e0954a6e"
    ],
    "status": "published"
  },
  {
    "id": "7b05d144-b2ac-45e0-96b6-7711a5810c19",
    "title": "Performance Test Card 495",
    "category_ids": [
      "fc25ee8b-3086-4d4d-a0fb-144696f709d8"
    ],
    "status": "draft"
  },
  {
    "id": "09c6a9a7-e8ca-4cc7-817b-619f3116a979",
    "title": "Performance Test Card 496",
    "category_ids": [
      "65bf7558-a837-40d8-a39a-e1b32c82e743"
    ],
    "status": "draft"
  },
  {
    "id": "3c5f7d5a-bbbe-462f-b080-45db95e95180",
    "title": "Performance Test Card 497",
    "category_ids": [
      "65bf7558-a837-40d8-a39a-e1b32c82e743"
    ],
    "status": "draft"
  },
  {
    "id": "dc93f6f1-f5ff-44c9-bc32-bc92c207e2eb",
    "title": "Performance Test Card 498",
    "category_ids": [
      "956531ad-765e-489f-b96d-ea0f55a86ab3"
    ],
    "status": "draft"
  },
  {
    "id": "d8d6ee6d-899c-4b26-9881-b86aa96a718b",
    "title": "Performance Test Card 499",
    "category_ids": [
      "bd6fb8ef-1016-4d30-ab13-c272987cc8d0"
    ],
    "status": "draft"
  }
]